{"type": "FeatureCollection", "features": [{"id": "0", "type": "Feature", "properties": {"CODIGO": "100015", "ESTACION": "BAMBAMARCA", "LATITUD": -6.67655, "LONGITUD": -78.51834, "ALTITUD": 2495.0, "ANIO": "2026", "MES": "08", "DEPARTAMEN": "CAJAMARCA", "PROVINCIA": "HUALGAYOC", "DISTRITO": "BAMBAMARCA", "PREC": 4.36, "NORMAL": 10.4, "ANOMALIA": -58.1, "PORCENTAJE": "-60 - -30"}, "geometry": {"type": "Point", "coordinates": [-78.51834, -6.67655]}}, {"id": "1", "type": "Feature", "properties": {"CODIGO": "100019", "ESTACION": "CAMPANILLA", "LATITUD": -7.48434, "LONGITUD": -76.65311, "ALTITUD": 316.0, "ANIO": "2026", "MES": "08", "DEPARTAMEN": "SAN MARTIN", "PROVINCIA": "MARISCAL CACERES", "DISTRITO": "CAMPANILLA", "PREC": 86.6, "NORMAL": 77.4, "ANOMALIA": 11.9, "PORCENTAJE": "-15 - 15"}, "geometry": {"type": "Point", "coordinates": [-76.65311, -7.48434]}}, {"id": "2", "type": "Feature", "properties": {"CODIGO": "100020", "ESTACION": "CANCHAN", "LATITUD": -9.92095, "LONGITUD": -76.30962, "ALTITUD": 1986.0, "ANIO": "2026", "MES": "08", "DEPARTAMEN": "HUANUCO", "PROVINCIA": "HUANUCO", "DISTRITO": "HUANUCO", "PREC": 1.6, "NORMAL": 7.7, "ANOMALIA": -79.2, "PORCENTAJE": "-100 - -60"}, "geometry": {"type": "Point", "coordinates": [-76.30962, -9.92095]}}, {"id": "3", "type": "Feature", "properties": {"CODIGO": "100021", "ESTACION": "CAPACHICA", "LATITUD": -15.61344, "LONGITUD": -69.84222, "ALTITUD": 3822.0, "ANIO": "2026", "MES": "08", "DEPARTAMEN": "PUNO", "PROVINCIA": "PUNO", "DISTRITO": "CAPACHICA", "PREC": 2.1, "NORMAL": 12.5, "ANOMALIA": -83.2, "PORCENTAJE": "-100 - -60"}, "geometry": {"type": "Point", "coordinates": [-69.84222, -15.61344]}}, {"id": "4", "type": "Feature", "properties": {"CODIGO": "100024", "ESTACION": "CHALLABAMBA", "LATITUD": -13.21754, "LONGITUD": -71.64938, "ALTITUD": 2803.0, "ANIO": "2026", "MES": "08", "DEPARTAMEN": "CUSCO", "PROVINCIA": "PAUCARTAMBO", "DISTRITO": "CHALLABAMBA", "PREC": 38.2, "NORMAL": 17.4, "ANOMALIA": 119.5, "PORCENTAJE": "100 - 200"}, "geometry": {"type": "Point", "coordinates": [-71.64938, -13.21754]}}, {"id": "5", "type": "Feature", "properties": {"CODIGO": "100025", "ESTACION": "CHALLACA PLU", "LATITUD": -13.7896, "LONGITUD": -75.40029, "ALTITUD": 1705.0, "ANIO": "2026", "MES": "08", "DEPARTAMEN": "HUANCAVELICA", "PROVINCIA": "HUAYTARA", "DISTRITO": "SANTIAGO DE CHOCORVOS", "PREC": 0.03, "NORMAL": 0.0, "ANOMALIA": 0.0, "PORCENTAJE": "-15 - 15"}, "geometry": {"type": "Point", "coordinates": [-75.40029, -13.7896]}}, {"id": "6", "type": "Feature", "properties": {"CODIGO": "100026", "ESTACION": "CHAPARRA", "LATITUD": -15.74765, "LONGITUD": -73.87089, "ALTITUD": 1033.0, "ANIO": "2026", "MES": "08", "DEPARTAMEN": "AREQUIPA", "PROVINCIA": "CARAVELI", "DISTRITO": "CHAPARRA", "PREC": 0.16, "NORMAL": 0.1, "ANOMALIA": 0.0, "PORCENTAJE": "-15 - 15"}, "geometry": {"type": "Point", "coordinates": [-73.87089, -15.74765]}}, {"id": "7", "type": "Feature", "properties": {"CODIGO": "100028", "ESTACION": "CHERREPE", "LATITUD": -7.11887, "LONGITUD": -79.56118, "ALTITUD": 51.0, "ANIO": "2026", "MES": "08", "DEPARTAMEN": "LA LIBERTAD", "PROVINCIA": "CHEPEN", "DISTRITO": "PACANGA", "PREC": 0.0, "NORMAL": 0.1, "ANOMALIA": 0.0, "PORCENTAJE": "-15 - 15"}, "geometry": {"type": "Point", "coordinates": [-79.56118, -7.11887]}}, {"id": "8", "type": "Feature", "properties": {"CODIGO": "100034", "ESTACION": "CONTAMANA", "LATITUD": -7.3526, "LONGITUD": -75.0064, "ALTITUD": 157.0, "ANIO": "2026", "MES": "08", "DEPARTAMEN": "LORETO", "PROVINCIA": "UCAYALI", "DISTRITO": "CONTAMANA", "PREC": 116.1, "NORMAL": 75.8, "ANOMALIA": 53.2, "PORCENTAJE": "30 - 60"}, "geometry": {"type": "Point", "coordinates": [-75.0064, -7.3526]}}, {"id": "9", "type": "Feature", "properties": {"CODIGO": "100044", "ESTACION": "GRANJA KAYRA", "LATITUD": -13.55675, "LONGITUD": -71.87517, "ALTITUD": 3214.0, "ANIO": "2026", "MES": "08", "DEPARTAMEN": "CUSCO", "PROVINCIA": "CUSCO", "DISTRITO": "SAN JERONIMO", "PREC": 27.7, "NORMAL": 5.2, "ANOMALIA": 432.7, "PORCENTAJE": "400 - 800"}, "geometry": {"type": "Point", "coordinates": [-71.87517, -13.55675]}}, {"id": "10", "type": "Feature", "properties": {"CODIGO": "100046", "ESTACION": "HACIENDA BERNALES", "LATITUD": -13.74114, "LONGITUD": -75.96641, "ALTITUD": 293.0, "ANIO": "2026", "MES": "08", "DEPARTAMEN": "ICA", "PROVINCIA": "PISCO", "DISTRITO": "HUMAY", "PREC": 0.4, "NORMAL": 0.4, "ANOMALIA": 0.0, "PORCENTAJE": "-15 - 15"}, "geometry": {"type": "Point", "coordinates": [-75.96641, -13.74114]}}, {"id": "11", "type": "Feature", "properties": {"CODIGO": "100055", "ESTACION": "HUANCASANCOS", "LATITUD": -13.91694, "LONGITUD": -74.33361, "ALTITUD": 3440.0, "ANIO": "2026", "MES": "08", "DEPARTAMEN": "AYACUCHO", "PROVINCIA": "HUANCA SANCOS", "DISTRITO": "SANCOS", "PREC": 17.8, "NORMAL": 8.3, "ANOMALIA": 114.5, "PORCENTAJE": "100 - 200"}, "geometry": {"type": "Point", "coordinates": [-74.33361, -13.91694]}}, {"id": "12", "type": "Feature", "properties": {"CODIGO": "100059", "ESTACION": "ICHU\u00c3\u0091A", "LATITUD": -16.14109, "LONGITUD": -70.5427, "ALTITUD": 3778.0, "ANIO": "2026", "MES": "08", "DEPARTAMEN": "MOQUEGUA", "PROVINCIA": "GENERAL SANCHEZ CERRO", "DISTRITO": "ICHU\u00c3\u0091A", "PREC": 4.1, "NORMAL": 6.6, "ANOMALIA": -37.9, "PORCENTAJE": "-60 - -30"}, "geometry": {"type": "Point", "coordinates": [-70.5427, -16.14109]}}, {"id": "13", "type": "Feature", "properties": {"CODIGO": "100065", "ESTACION": "ISLA SOTO", "LATITUD": -15.56221, "LONGITUD": -69.48898, "ALTITUD": 3832.0, "ANIO": "2026", "MES": "08", "DEPARTAMEN": "PUNO", "PROVINCIA": "MOHO", "DISTRITO": "CONIMA", "PREC": 7.2, "NORMAL": 16.1, "ANOMALIA": -55.3, "PORCENTAJE": "-60 - -30"}, "geometry": {"type": "Point", "coordinates": [-69.48898, -15.56221]}}, {"id": "14", "type": "Feature", "properties": {"CODIGO": "100072", "ESTACION": "LA CRUZ", "LATITUD": -3.62829, "LONGITUD": -80.56927, "ALTITUD": 6.0, "ANIO": "2026", "MES": "08", "DEPARTAMEN": "TUMBES", "PROVINCIA": "TUMBES", "DISTRITO": "LA CRUZ", "PREC": 0.0, "NORMAL": 1.0, "ANOMALIA": -100.0, "PORCENTAJE": "-100 - -60"}, "geometry": {"type": "Point", "coordinates": [-80.56927, -3.62829]}}, {"id": "15", "type": "Feature", "properties": {"CODIGO": "100080", "ESTACION": "LAGUNAS", "LATITUD": -5.2194, "LONGITUD": -75.6661, "ALTITUD": 120.0, "ANIO": "2026", "MES": "08", "DEPARTAMEN": "LORETO", "PROVINCIA": "ALTO AMAZONAS", "DISTRITO": "LAGUNAS", "PREC": 160.0, "NORMAL": 112.2, "ANOMALIA": 42.6, "PORCENTAJE": "30 - 60"}, "geometry": {"type": "Point", "coordinates": [-75.6661, -5.2194]}}, {"id": "16", "type": "Feature", "properties": {"CODIGO": "100081", "ESTACION": "LAMPA", "LATITUD": -15.36109, "LONGITUD": -70.37415, "ALTITUD": 3866.0, "ANIO": "2026", "MES": "08", "DEPARTAMEN": "PUNO", "PROVINCIA": "LAMPA", "DISTRITO": "LAMPA", "PREC": 10.1, "NORMAL": 8.3, "ANOMALIA": 21.7, "PORCENTAJE": "15 - 30"}, "geometry": {"type": "Point", "coordinates": [-70.37415, -15.36109]}}, {"id": "17", "type": "Feature", "properties": {"CODIGO": "100088", "ESTACION": "LOS UROS", "LATITUD": -15.82039, "LONGITUD": -69.97413, "ALTITUD": 3819.0, "ANIO": "2026", "MES": "08", "DEPARTAMEN": "PUNO", "PROVINCIA": "PUNO", "DISTRITO": "PUNO", "PREC": 4.7, "NORMAL": 9.7, "ANOMALIA": -51.5, "PORCENTAJE": "-60 - -30"}, "geometry": {"type": "Point", "coordinates": [-69.97413, -15.82039]}}, {"id": "18", "type": "Feature", "properties": {"CODIGO": "100090", "ESTACION": "MONTEGRANDE", "LATITUD": -7.22499, "LONGITUD": -79.15323, "ALTITUD": 431.0, "ANIO": "2026", "MES": "08", "DEPARTAMEN": "CAJAMARCA", "PROVINCIA": "CONTUMAZA", "DISTRITO": "YONAN", "PREC": 0.0, "NORMAL": 0.0, "ANOMALIA": 0.0, "PORCENTAJE": "-15 - 15"}, "geometry": {"type": "Point", "coordinates": [-79.15323, -7.22499]}}, {"id": "19", "type": "Feature", "properties": {"CODIGO": "100092", "ESTACION": "NIEPOS", "LATITUD": -6.92511, "LONGITUD": -79.12902, "ALTITUD": 2424.0, "ANIO": "2026", "MES": "08", "DEPARTAMEN": "CAJAMARCA", "PROVINCIA": "SAN MIGUEL", "DISTRITO": "NIEPOS", "PREC": 3.3, "NORMAL": 11.5, "ANOMALIA": -71.3, "PORCENTAJE": "-100 - -60"}, "geometry": {"type": "Point", "coordinates": [-79.12902, -6.92511]}}, {"id": "20", "type": "Feature", "properties": {"CODIGO": "100100", "ESTACION": "PAUCARTAMBO", "LATITUD": -13.30347, "LONGITUD": -71.59668, "ALTITUD": 2931.0, "ANIO": "2026", "MES": "08", "DEPARTAMEN": "CUSCO", "PROVINCIA": "PAUCARTAMBO", "DISTRITO": "PAUCARTAMBO", "PREC": 37.5, "NORMAL": 16.9, "ANOMALIA": 121.9, "PORCENTAJE": "100 - 200"}, "geometry": {"type": "Point", "coordinates": [-71.59668, -13.30347]}}, {"id": "21", "type": "Feature", "properties": {"CODIGO": "100101", "ESTACION": "PISAC", "LATITUD": -13.41951, "LONGITUD": -71.85087, "ALTITUD": 2990.0, "ANIO": "2026", "MES": "08", "DEPARTAMEN": "CUSCO", "PROVINCIA": "CALCA", "DISTRITO": "PISAC", "PREC": 16.7, "NORMAL": 6.3, "ANOMALIA": 165.1, "PORCENTAJE": "100 - 200"}, "geometry": {"type": "Point", "coordinates": [-71.85087, -13.41951]}}, {"id": "22", "type": "Feature", "properties": {"CODIGO": "100104", "ESTACION": "PONGO DE CAYNARACHI", "LATITUD": -6.33047, "LONGITUD": -76.28175, "ALTITUD": 187.0, "ANIO": "2026", "MES": "08", "DEPARTAMEN": "SAN MARTIN", "PROVINCIA": "LAMAS", "DISTRITO": "CAYNARACHI", "PREC": 353.5, "NORMAL": 138.6, "ANOMALIA": 155.1, "PORCENTAJE": "100 - 200"}, "geometry": {"type": "Point", "coordinates": [-76.28175, -6.33047]}}, {"id": "23", "type": "Feature", "properties": {"CODIGO": "100105", "ESTACION": "PORCULLA", "LATITUD": -5.83964, "LONGITUD": -79.50572, "ALTITUD": 2142.0, "ANIO": "2026", "MES": "08", "DEPARTAMEN": "PIURA", "PROVINCIA": "HUANCABAMBA", "DISTRITO": "HUARMACA", "PREC": 0.0, "NORMAL": 1.3, "ANOMALIA": -100.0, "PORCENTAJE": "-100 - -60"}, "geometry": {"type": "Point", "coordinates": [-79.50572, -5.83964]}}, {"id": "24", "type": "Feature", "properties": {"CODIGO": "100109", "ESTACION": "PUERTO MALDONADO", "LATITUD": -12.5873, "LONGITUD": -69.2088, "ALTITUD": 209.0, "ANIO": "2026", "MES": "08", "DEPARTAMEN": "MADRE DE DIOS", "PROVINCIA": "TAMBOPATA", "DISTRITO": "TAMBOPATA", "PREC": 56.8, "NORMAL": 58.7, "ANOMALIA": -3.2, "PORCENTAJE": "-15 - 15"}, "geometry": {"type": "Point", "coordinates": [-69.2088, -12.5873]}}, {"id": "25", "type": "Feature", "properties": {"CODIGO": "100110", "ESTACION": "PUNO", "LATITUD": -15.82625, "LONGITUD": -70.01208, "ALTITUD": 3825.0, "ANIO": "2026", "MES": "08", "DEPARTAMEN": "PUNO", "PROVINCIA": "PUNO", "DISTRITO": "PUNO", "PREC": 5.5, "NORMAL": 10.2, "ANOMALIA": -46.1, "PORCENTAJE": "-60 - -30"}, "geometry": {"type": "Point", "coordinates": [-70.01208, -15.82625]}}, {"id": "26", "type": "Feature", "properties": {"CODIGO": "100113", "ESTACION": "QUEBRADA SHUGAR", "LATITUD": -6.68778, "LONGITUD": -78.45694, "ALTITUD": 3292.0, "ANIO": "2026", "MES": "08", "DEPARTAMEN": "CAJAMARCA", "PROVINCIA": "HUALGAYOC", "DISTRITO": "BAMBAMARCA", "PREC": 9.9, "NORMAL": 15.3, "ANOMALIA": -35.3, "PORCENTAJE": "-60 - -30"}, "geometry": {"type": "Point", "coordinates": [-78.45694, -6.68778]}}, {"id": "27", "type": "Feature", "properties": {"CODIGO": "100114", "ESTACION": "QUINCEMIL", "LATITUD": -13.22893, "LONGITUD": -70.7544, "ALTITUD": 651.0, "ANIO": "2026", "MES": "08", "DEPARTAMEN": "CUSCO", "PROVINCIA": "QUISPICANCHI", "DISTRITO": "CAMANTI", "PREC": 347.5, "NORMAL": 265.3, "ANOMALIA": 31.0, "PORCENTAJE": "30 - 60"}, "geometry": {"type": "Point", "coordinates": [-70.7544, -13.22893]}}, {"id": "28", "type": "Feature", "properties": {"CODIGO": "100119", "ESTACION": "RUNATULLO", "LATITUD": -11.61812, "LONGITUD": -75.01224, "ALTITUD": 3473.0, "ANIO": "2026", "MES": "08", "DEPARTAMEN": "JUNIN", "PROVINCIA": "CONCEPCION", "DISTRITO": "COMAS", "PREC": 73.6, "NORMAL": 35.2, "ANOMALIA": 109.1, "PORCENTAJE": "100 - 200"}, "geometry": {"type": "Point", "coordinates": [-75.01224, -11.61812]}}, {"id": "29", "type": "Feature", "properties": {"CODIGO": "100121", "ESTACION": "SAN ALEJANDRO", "LATITUD": -8.83444, "LONGITUD": -75.21639, "ALTITUD": 216.0, "ANIO": "2026", "MES": "08", "DEPARTAMEN": "UCAYALI", "PROVINCIA": "PADRE ABAD", "DISTRITO": "IRAZOLA", "PREC": 15.4, "NORMAL": 75.2, "ANOMALIA": -79.5, "PORCENTAJE": "-100 - -60"}, "geometry": {"type": "Point", "coordinates": [-75.21639, -8.83444]}}, {"id": "30", "type": "Feature", "properties": {"CODIGO": "100127", "ESTACION": "SAN PEDRO DE CACHI", "LATITUD": -13.08742, "LONGITUD": -74.39067, "ALTITUD": 3247.0, "ANIO": "2026", "MES": "08", "DEPARTAMEN": "AYACUCHO", "PROVINCIA": "HUAMANGA", "DISTRITO": "SANTIAGO DE PISCHA", "PREC": 16.4, "NORMAL": 12.3, "ANOMALIA": 33.3, "PORCENTAJE": "30 - 60"}, "geometry": {"type": "Point", "coordinates": [-74.39067, -13.08742]}}, {"id": "31", "type": "Feature", "properties": {"CODIGO": "100131", "ESTACION": "SANTO DOMINGO", "LATITUD": -5.03825, "LONGITUD": -79.87049, "ALTITUD": 1490.0, "ANIO": "2026", "MES": "08", "DEPARTAMEN": "PIURA", "PROVINCIA": "MORROPON", "DISTRITO": "SANTO DOMINGO", "PREC": 8.8, "NORMAL": 1.9, "ANOMALIA": 363.2, "PORCENTAJE": "200 - 400"}, "geometry": {"type": "Point", "coordinates": [-79.87049, -5.03825]}}, {"id": "32", "type": "Feature", "properties": {"CODIGO": "100136", "ESTACION": "TALLA (GUADALUPE)", "LATITUD": -7.28005, "LONGITUD": -79.4191, "ALTITUD": 117.0, "ANIO": "2026", "MES": "08", "DEPARTAMEN": "LA LIBERTAD", "PROVINCIA": "PACASMAYO", "DISTRITO": "GUADALUPE", "PREC": 0.0, "NORMAL": 0.2, "ANOMALIA": 0.0, "PORCENTAJE": "-15 - 15"}, "geometry": {"type": "Point", "coordinates": [-79.4191, -7.28005]}}, {"id": "33", "type": "Feature", "properties": {"CODIGO": "100137", "ESTACION": "TANANTA", "LATITUD": -8.11524, "LONGITUD": -76.58049, "ALTITUD": 480.0, "ANIO": "2026", "MES": "08", "DEPARTAMEN": "SAN MARTIN", "PROVINCIA": "TOCACHE", "DISTRITO": "POLVORA", "PREC": 141.9, "NORMAL": 80.2, "ANOMALIA": 76.9, "PORCENTAJE": "60 - 100"}, "geometry": {"type": "Point", "coordinates": [-76.58049, -8.11524]}}, {"id": "34", "type": "Feature", "properties": {"CODIGO": "100138", "ESTACION": "TARAPOTO", "LATITUD": -6.47597, "LONGITUD": -76.37039, "ALTITUD": 382.0, "ANIO": "2026", "MES": "08", "DEPARTAMEN": "SAN MARTIN", "PROVINCIA": "SAN MARTIN", "DISTRITO": "TARAPOTO", "PREC": 119.6, "NORMAL": 58.4, "ANOMALIA": 104.8, "PORCENTAJE": "100 - 200"}, "geometry": {"type": "Point", "coordinates": [-76.37039, -6.47597]}}, {"id": "35", "type": "Feature", "properties": {"CODIGO": "100142", "ESTACION": "UBINAS", "LATITUD": -16.3888, "LONGITUD": -70.8541, "ALTITUD": 3381.0, "ANIO": "2026", "MES": "08", "DEPARTAMEN": "MOQUEGUA", "PROVINCIA": "GENERAL SANCHEZ CERRO", "DISTRITO": "UBINAS", "PREC": 2.0, "NORMAL": 3.1, "ANOMALIA": -35.5, "PORCENTAJE": "-60 - -30"}, "geometry": {"type": "Point", "coordinates": [-70.8541, -16.3888]}}, {"id": "36", "type": "Feature", "properties": {"CODIGO": "100150", "ESTACION": "YACANGO", "LATITUD": -17.09078, "LONGITUD": -70.86699, "ALTITUD": 2191.0, "ANIO": "2026", "MES": "08", "DEPARTAMEN": "MOQUEGUA", "PROVINCIA": "MARISCAL NIETO", "DISTRITO": "TORATA", "PREC": 0.0, "NORMAL": 0.2, "ANOMALIA": 0.0, "PORCENTAJE": "-15 - 15"}, "geometry": {"type": "Point", "coordinates": [-70.86699, -17.09078]}}, {"id": "37", "type": "Feature", "properties": {"CODIGO": "102009", "ESTACION": "SANTA CLOTILDE", "LATITUD": -2.48757, "LONGITUD": -73.67919, "ALTITUD": 118.0, "ANIO": "2026", "MES": "08", "DEPARTAMEN": "LORETO", "PROVINCIA": "MAYNAS", "DISTRITO": "NAPO", "PREC": 260.7, "NORMAL": 177.4, "ANOMALIA": 47.0, "PORCENTAJE": "30 - 60"}, "geometry": {"type": "Point", "coordinates": [-73.67919, -2.48757]}}, {"id": "38", "type": "Feature", "properties": {"CODIGO": "103008", "ESTACION": "MATAPALO", "LATITUD": -3.68277, "LONGITUD": -80.19857, "ALTITUD": 62.0, "ANIO": "2026", "MES": "08", "DEPARTAMEN": "TUMBES", "PROVINCIA": "ZARUMILLA", "DISTRITO": "MATAPALO", "PREC": 4.82, "NORMAL": 2.2, "ANOMALIA": 119.1, "PORCENTAJE": "100 - 200"}, "geometry": {"type": "Point", "coordinates": [-80.19857, -3.68277]}}, {"id": "39", "type": "Feature", "properties": {"CODIGO": "103009", "ESTACION": "MANITI", "LATITUD": -3.5203, "LONGITUD": -72.8409, "ALTITUD": 125.0, "ANIO": "2026", "MES": "08", "DEPARTAMEN": "LORETO", "PROVINCIA": "MAYNAS", "DISTRITO": "INDIANA", "PREC": 187.5, "NORMAL": 193.6, "ANOMALIA": -3.2, "PORCENTAJE": "-15 - 15"}, "geometry": {"type": "Point", "coordinates": [-72.8409, -3.5203]}}, {"id": "40", "type": "Feature", "properties": {"CODIGO": "103024", "ESTACION": "FRANCISCO ORELLANA", "LATITUD": -3.42333, "LONGITUD": -72.76667, "ALTITUD": 137.0, "ANIO": "2026", "MES": "08", "DEPARTAMEN": "LORETO", "PROVINCIA": "MAYNAS", "DISTRITO": "LAS AMAZONAS", "PREC": 82.5, "NORMAL": 183.8, "ANOMALIA": -55.1, "PORCENTAJE": "-60 - -30"}, "geometry": {"type": "Point", "coordinates": [-72.76667, -3.42333]}}, {"id": "41", "type": "Feature", "properties": {"CODIGO": "103031", "ESTACION": "CABALLOCOCHA", "LATITUD": -3.9112, "LONGITUD": -70.5119, "ALTITUD": 75.0, "ANIO": "2026", "MES": "08", "DEPARTAMEN": "LORETO", "PROVINCIA": "MARISCAL RAMON CASTILLA", "DISTRITO": "RAMON CASTILLA", "PREC": 203.2, "NORMAL": 122.9, "ANOMALIA": 65.3, "PORCENTAJE": "60 - 100"}, "geometry": {"type": "Point", "coordinates": [-70.5119, -3.9112]}}, {"id": "42", "type": "Feature", "properties": {"CODIGO": "103036", "ESTACION": "RICA PLAYA", "LATITUD": -3.8119, "LONGITUD": -80.50546, "ALTITUD": 68.0, "ANIO": "2026", "MES": "08", "DEPARTAMEN": "TUMBES", "PROVINCIA": "TUMBES", "DISTRITO": "SAN JACINTO", "PREC": 1.5, "NORMAL": 0.3, "ANOMALIA": 400.0, "PORCENTAJE": "200 - 400"}, "geometry": {"type": "Point", "coordinates": [-80.50546, -3.8119]}}, {"id": "43", "type": "Feature", "properties": {"CODIGO": "103038", "ESTACION": "PUERTO PIZARRO", "LATITUD": -3.50396, "LONGITUD": -80.39538, "ALTITUD": 6.0, "ANIO": "2026", "MES": "08", "DEPARTAMEN": "TUMBES", "PROVINCIA": "TUMBES", "DISTRITO": "TUMBES", "PREC": 0.3, "NORMAL": 0.2, "ANOMALIA": 0.0, "PORCENTAJE": "-15 - 15"}, "geometry": {"type": "Point", "coordinates": [-80.39538, -3.50396]}}, {"id": "44", "type": "Feature", "properties": {"CODIGO": "103040", "ESTACION": "PAPAYAL", "LATITUD": -3.56732, "LONGITUD": -80.23324, "ALTITUD": 50.0, "ANIO": "2026", "MES": "08", "DEPARTAMEN": "TUMBES", "PROVINCIA": "ZARUMILLA", "DISTRITO": "PAPAYAL", "PREC": 1.7, "NORMAL": 0.4, "ANOMALIA": 325.0, "PORCENTAJE": "200 - 400"}, "geometry": {"type": "Point", "coordinates": [-80.23324, -3.56732]}}, {"id": "45", "type": "Feature", "properties": {"CODIGO": "103041", "ESTACION": "EL SALTO", "LATITUD": -3.45171, "LONGITUD": -80.2802, "ALTITUD": 4.0, "ANIO": "2026", "MES": "08", "DEPARTAMEN": "TUMBES", "PROVINCIA": "ZARUMILLA", "DISTRITO": "ZARUMILLA", "PREC": 0.01, "NORMAL": 0.9, "ANOMALIA": 0.0, "PORCENTAJE": "-15 - 15"}, "geometry": {"type": "Point", "coordinates": [-80.2802, -3.45171]}}, {"id": "46", "type": "Feature", "properties": {"CODIGO": "103042", "ESTACION": "CA\u00c3\u0091AVERAL", "LATITUD": -3.9391, "LONGITUD": -80.65058, "ALTITUD": 133.0, "ANIO": "2026", "MES": "08", "DEPARTAMEN": "TUMBES", "PROVINCIA": "CONTRALMIRANTE VILLAR", "DISTRITO": "CASITAS", "PREC": 0.0, "NORMAL": 0.1, "ANOMALIA": 0.0, "PORCENTAJE": "-15 - 15"}, "geometry": {"type": "Point", "coordinates": [-80.65058, -3.9391]}}, {"id": "47", "type": "Feature", "properties": {"CODIGO": "103044", "ESTACION": "MAZAN", "LATITUD": -3.48817, "LONGITUD": -73.08182, "ALTITUD": 96.0, "ANIO": "2026", "MES": "08", "DEPARTAMEN": "LORETO", "PROVINCIA": "MAYNAS", "DISTRITO": "MAZAN", "PREC": 12.3, "NORMAL": 162.3, "ANOMALIA": -92.4, "PORCENTAJE": "-100 - -60"}, "geometry": {"type": "Point", "coordinates": [-73.08182, -3.48817]}}, {"id": "48", "type": "Feature", "properties": {"CODIGO": "103046", "ESTACION": "PUERTO ALMENDRA", "LATITUD": -3.8286, "LONGITUD": -73.377, "ALTITUD": 96.0, "ANIO": "2026", "MES": "08", "DEPARTAMEN": "LORETO", "PROVINCIA": "MAYNAS", "DISTRITO": "SAN JUAN BAUTISTA", "PREC": 36.9, "NORMAL": 132.4, "ANOMALIA": -72.1, "PORCENTAJE": "-100 - -60"}, "geometry": {"type": "Point", "coordinates": [-73.377, -3.8286]}}, {"id": "49", "type": "Feature", "properties": {"CODIGO": "103052", "ESTACION": "SAN ROQUE", "LATITUD": -3.78667, "LONGITUD": -73.29333, "ALTITUD": 106.0, "ANIO": "2026", "MES": "08", "DEPARTAMEN": "LORETO", "PROVINCIA": "MAYNAS", "DISTRITO": "SAN JUAN BAUTISTA", "PREC": 61.4, "NORMAL": 173.8, "ANOMALIA": -64.7, "PORCENTAJE": "-100 - -60"}, "geometry": {"type": "Point", "coordinates": [-73.29333, -3.78667]}}, {"id": "50", "type": "Feature", "properties": {"CODIGO": "103054", "ESTACION": "PEBAS", "LATITUD": -3.3188, "LONGITUD": -71.8588, "ALTITUD": 102.0, "ANIO": "2026", "MES": "08", "DEPARTAMEN": "LORETO", "PROVINCIA": "MARISCAL RAMON CASTILLA", "DISTRITO": "PEBAS", "PREC": 136.1, "NORMAL": 152.9, "ANOMALIA": -11.0, "PORCENTAJE": "-15 - 15"}, "geometry": {"type": "Point", "coordinates": [-71.8588, -3.3188]}}, {"id": "51", "type": "Feature", "properties": {"CODIGO": "103057", "ESTACION": "AMAZONAS", "LATITUD": -3.76397, "LONGITUD": -73.25492, "ALTITUD": 113.0, "ANIO": "2026", "MES": "08", "DEPARTAMEN": "LORETO", "PROVINCIA": "MAYNAS", "DISTRITO": "IQUITOS", "PREC": 68.9, "NORMAL": 143.6, "ANOMALIA": -52.0, "PORCENTAJE": "-60 - -30"}, "geometry": {"type": "Point", "coordinates": [-73.25492, -3.76397]}}, {"id": "52", "type": "Feature", "properties": {"CODIGO": "104010", "ESTACION": "SANTA ROSA", "LATITUD": -4.22636, "LONGITUD": -69.95629, "ALTITUD": 62.0, "ANIO": "2026", "MES": "08", "DEPARTAMEN": "LORETO", "PROVINCIA": "MARISCAL RAMON CASTILLA", "DISTRITO": "YAVARI", "PREC": 142.9, "NORMAL": 123.3, "ANOMALIA": 15.9, "PORCENTAJE": "15 - 30"}, "geometry": {"type": "Point", "coordinates": [-69.95629, -4.22636]}}, {"id": "53", "type": "Feature", "properties": {"CODIGO": "104014", "ESTACION": "PANANGA", "LATITUD": -4.51556, "LONGITUD": -80.73945, "ALTITUD": 360.0, "ANIO": "2026", "MES": "08", "DEPARTAMEN": "PIURA", "PROVINCIA": "SULLANA", "DISTRITO": "MARCAVELICA", "PREC": 0.3, "NORMAL": 0.0, "ANOMALIA": 0.0, "PORCENTAJE": "-15 - 15"}, "geometry": {"type": "Point", "coordinates": [-80.73945, -4.51556]}}, {"id": "54", "type": "Feature", "properties": {"CODIGO": "104019", "ESTACION": "SAPILLICA", "LATITUD": -4.77817, "LONGITUD": -79.98178, "ALTITUD": 1451.0, "ANIO": "2026", "MES": "08", "DEPARTAMEN": "PIURA", "PROVINCIA": "AYABACA", "DISTRITO": "SAPILLICA", "PREC": 10.1, "NORMAL": 0.7, "ANOMALIA": 1342.9, "PORCENTAJE": "> 800"}, "geometry": {"type": "Point", "coordinates": [-79.98178, -4.77817]}}, {"id": "55", "type": "Feature", "properties": {"CODIGO": "104044", "ESTACION": "ALAMOR", "LATITUD": -4.47749, "LONGITUD": -80.3979, "ALTITUD": 124.0, "ANIO": "2026", "MES": "08", "DEPARTAMEN": "PIURA", "PROVINCIA": "SULLANA", "DISTRITO": "LANCONES", "PREC": 0.9, "NORMAL": 0.0, "ANOMALIA": 0.0, "PORCENTAJE": "-15 - 15"}, "geometry": {"type": "Point", "coordinates": [-80.3979, -4.47749]}}, {"id": "56", "type": "Feature", "properties": {"CODIGO": "104057", "ESTACION": "SAN LORENZO", "LATITUD": -4.82954, "LONGITUD": -76.55477, "ALTITUD": 134.0, "ANIO": "2026", "MES": "08", "DEPARTAMEN": "LORETO", "PROVINCIA": "ALTO AMAZONAS", "DISTRITO": "BARRANCA", "PREC": 151.7, "NORMAL": 117.4, "ANOMALIA": 29.2, "PORCENTAJE": "15 - 30"}, "geometry": {"type": "Point", "coordinates": [-76.55477, -4.82954]}}, {"id": "57", "type": "Feature", "properties": {"CODIGO": "104058", "ESTACION": "AYABACA", "LATITUD": -4.63776, "LONGITUD": -79.71077, "ALTITUD": 2648.0, "ANIO": "2026", "MES": "08", "DEPARTAMEN": "PIURA", "PROVINCIA": "AYABACA", "DISTRITO": "AYABACA", "PREC": 1.2, "NORMAL": 5.3, "ANOMALIA": -77.4, "PORCENTAJE": "-100 - -60"}, "geometry": {"type": "Point", "coordinates": [-79.71077, -4.63776]}}, {"id": "58", "type": "Feature", "properties": {"CODIGO": "104060", "ESTACION": "SANTA MARIA DE NIEVA", "LATITUD": -4.83039, "LONGITUD": -77.93928, "ALTITUD": 225.0, "ANIO": "2026", "MES": "08", "DEPARTAMEN": "AMAZONAS", "PROVINCIA": "CONDORCANQUI", "DISTRITO": "NIEVA", "PREC": 183.7, "NORMAL": 201.6, "ANOMALIA": -8.9, "PORCENTAJE": "-15 - 15"}, "geometry": {"type": "Point", "coordinates": [-77.93928, -4.83039]}}, {"id": "59", "type": "Feature", "properties": {"CODIGO": "104071", "ESTACION": "GENARO HERRERA", "LATITUD": -4.91003, "LONGITUD": -73.66944, "ALTITUD": 103.0, "ANIO": "2026", "MES": "08", "DEPARTAMEN": "LORETO", "PROVINCIA": "REQUENA", "DISTRITO": "JENARO HERRERA", "PREC": 147.4, "NORMAL": 137.3, "ANOMALIA": 7.4, "PORCENTAJE": "-15 - 15"}, "geometry": {"type": "Point", "coordinates": [-73.66944, -4.91003]}}, {"id": "60", "type": "Feature", "properties": {"CODIGO": "104080", "ESTACION": "EL ALTO", "LATITUD": -4.26198, "LONGITUD": -81.21815, "ALTITUD": 295.0, "ANIO": "2026", "MES": "08", "DEPARTAMEN": "PIURA", "PROVINCIA": "TALARA", "DISTRITO": "EL ALTO", "PREC": 0.0, "NORMAL": 0.0, "ANOMALIA": 0.0, "PORCENTAJE": "-15 - 15"}, "geometry": {"type": "Point", "coordinates": [-81.21815, -4.26198]}}, {"id": "61", "type": "Feature", "properties": {"CODIGO": "104084", "ESTACION": "PARTIDOR", "LATITUD": -4.73197, "LONGITUD": -80.27982, "ALTITUD": 218.0, "ANIO": "2026", "MES": "08", "DEPARTAMEN": "PIURA", "PROVINCIA": "PIURA", "DISTRITO": "LAS LOMAS", "PREC": 1.2, "NORMAL": 0.1, "ANOMALIA": 1100.0, "PORCENTAJE": "> 800"}, "geometry": {"type": "Point", "coordinates": [-80.27982, -4.73197]}}, {"id": "62", "type": "Feature", "properties": {"CODIGO": "104090", "ESTACION": "LA ESPERANZA", "LATITUD": -4.92114, "LONGITUD": -81.05969, "ALTITUD": 7.0, "ANIO": "2026", "MES": "08", "DEPARTAMEN": "PIURA", "PROVINCIA": "PAITA", "DISTRITO": "COLAN", "PREC": 0.3, "NORMAL": 0.0, "ANOMALIA": 0.0, "PORCENTAJE": "-15 - 15"}, "geometry": {"type": "Point", "coordinates": [-81.05969, -4.92114]}}, {"id": "63", "type": "Feature", "properties": {"CODIGO": "104097", "ESTACION": "ALTO DE POCLUS", "LATITUD": -4.9169, "LONGITUD": -79.89047, "ALTITUD": 3080.0, "ANIO": "2026", "MES": "08", "DEPARTAMEN": "PIURA", "PROVINCIA": "AYABACA", "DISTRITO": "FRIAS", "PREC": 0.0, "NORMAL": 5.1, "ANOMALIA": -100.0, "PORCENTAJE": "-100 - -60"}, "geometry": {"type": "Point", "coordinates": [-79.89047, -4.9169]}}, {"id": "64", "type": "Feature", "properties": {"CODIGO": "104098", "ESTACION": "SAN REGIS", "LATITUD": -4.51301, "LONGITUD": -73.90751, "ALTITUD": 101.0, "ANIO": "2026", "MES": "08", "DEPARTAMEN": "LORETO", "PROVINCIA": "LORETO", "DISTRITO": "NAUTA", "PREC": 59.4, "NORMAL": 158.7, "ANOMALIA": -62.6, "PORCENTAJE": "-100 - -60"}, "geometry": {"type": "Point", "coordinates": [-73.90751, -4.51301]}}, {"id": "65", "type": "Feature", "properties": {"CODIGO": "105012", "ESTACION": "BERNAL", "LATITUD": -5.4545, "LONGITUD": -80.74262, "ALTITUD": 11.0, "ANIO": "2026", "MES": "08", "DEPARTAMEN": "PIURA", "PROVINCIA": "SECHURA", "DISTRITO": "BERNAL", "PREC": 0.0, "NORMAL": 0.1, "ANOMALIA": 0.0, "PORCENTAJE": "-15 - 15"}, "geometry": {"type": "Point", "coordinates": [-80.74262, -5.4545]}}, {"id": "66", "type": "Feature", "properties": {"CODIGO": "105013", "ESTACION": "EL VIRREY", "LATITUD": -5.5337, "LONGITUD": -79.98233, "ALTITUD": 208.0, "ANIO": "2026", "MES": "08", "DEPARTAMEN": "LAMBAYEQUE", "PROVINCIA": "LAMBAYEQUE", "DISTRITO": "OLMOS", "PREC": 0.4, "NORMAL": 0.1, "ANOMALIA": 0.0, "PORCENTAJE": "-15 - 15"}, "geometry": {"type": "Point", "coordinates": [-79.98233, -5.5337]}}, {"id": "67", "type": "Feature", "properties": {"CODIGO": "105015", "ESTACION": "HACIENDA BIGOTE", "LATITUD": -5.3209, "LONGITUD": -79.7857, "ALTITUD": 198.0, "ANIO": "2026", "MES": "08", "DEPARTAMEN": "PIURA", "PROVINCIA": "MORROPON", "DISTRITO": "SAN JUAN DE BIGOTE", "PREC": 0.1, "NORMAL": 0.1, "ANOMALIA": 0.0, "PORCENTAJE": "-15 - 15"}, "geometry": {"type": "Point", "coordinates": [-79.7857, -5.3209]}}, {"id": "68", "type": "Feature", "properties": {"CODIGO": "105016", "ESTACION": "CHALACO", "LATITUD": -5.03865, "LONGITUD": -79.79168, "ALTITUD": 2290.0, "ANIO": "2026", "MES": "08", "DEPARTAMEN": "PIURA", "PROVINCIA": "MORROPON", "DISTRITO": "CHALACO", "PREC": 18.5, "NORMAL": 1.9, "ANOMALIA": 873.7, "PORCENTAJE": "> 800"}, "geometry": {"type": "Point", "coordinates": [-79.79168, -5.03865]}}, {"id": "69", "type": "Feature", "properties": {"CODIGO": "105022", "ESTACION": "SONDORILLO", "LATITUD": -5.3398, "LONGITUD": -79.43137, "ALTITUD": 1917.0, "ANIO": "2026", "MES": "08", "DEPARTAMEN": "PIURA", "PROVINCIA": "HUANCABAMBA", "DISTRITO": "SONDORILLO", "PREC": 3.7, "NORMAL": 2.5, "ANOMALIA": 48.0, "PORCENTAJE": "30 - 60"}, "geometry": {"type": "Point", "coordinates": [-79.43137, -5.3398]}}, {"id": "70", "type": "Feature", "properties": {"CODIGO": "105042", "ESTACION": "JAMALCA", "LATITUD": -5.8927, "LONGITUD": -78.2339, "ALTITUD": 1173.0, "ANIO": "2026", "MES": "08", "DEPARTAMEN": "AMAZONAS", "PROVINCIA": "UTCUBAMBA", "DISTRITO": "JAMALCA", "PREC": 6.1, "NORMAL": 26.5, "ANOMALIA": -77.0, "PORCENTAJE": "-100 - -60"}, "geometry": {"type": "Point", "coordinates": [-78.2339, -5.8927]}}, {"id": "71", "type": "Feature", "properties": {"CODIGO": "105053", "ESTACION": "SALLIQUE", "LATITUD": -5.65886, "LONGITUD": -79.31264, "ALTITUD": 1804.0, "ANIO": "2026", "MES": "08", "DEPARTAMEN": "CAJAMARCA", "PROVINCIA": "JAEN", "DISTRITO": "SALLIQUE", "PREC": 0.0, "NORMAL": 4.8, "ANOMALIA": -100.0, "PORCENTAJE": "-100 - -60"}, "geometry": {"type": "Point", "coordinates": [-79.31264, -5.65886]}}, {"id": "72", "type": "Feature", "properties": {"CODIGO": "105055", "ESTACION": "HUANCABAMBA", "LATITUD": -5.24681, "LONGITUD": -79.45399, "ALTITUD": 1959.0, "ANIO": "2026", "MES": "08", "DEPARTAMEN": "PIURA", "PROVINCIA": "HUANCABAMBA", "DISTRITO": "HUANCABAMBA", "PREC": 3.5, "NORMAL": 6.9, "ANOMALIA": -49.3, "PORCENTAJE": "-60 - -30"}, "geometry": {"type": "Point", "coordinates": [-79.45399, -5.24681]}}, {"id": "73", "type": "Feature", "properties": {"CODIGO": "105056", "ESTACION": "TABACONAS", "LATITUD": -5.31515, "LONGITUD": -79.28488, "ALTITUD": 1902.0, "ANIO": "2026", "MES": "08", "DEPARTAMEN": "CAJAMARCA", "PROVINCIA": "SAN IGNACIO", "DISTRITO": "TABACONAS", "PREC": 54.9, "NORMAL": 39.0, "ANOMALIA": 40.8, "PORCENTAJE": "30 - 60"}, "geometry": {"type": "Point", "coordinates": [-79.28488, -5.31515]}}, {"id": "74", "type": "Feature", "properties": {"CODIGO": "105057", "ESTACION": "EL LIMON", "LATITUD": -5.91778, "LONGITUD": -79.31722, "ALTITUD": 1110.0, "ANIO": "2026", "MES": "08", "DEPARTAMEN": "CAJAMARCA", "PROVINCIA": "JAEN", "DISTRITO": "POMAHUACA", "PREC": 0.0, "NORMAL": 1.5, "ANOMALIA": -100.0, "PORCENTAJE": "-100 - -60"}, "geometry": {"type": "Point", "coordinates": [-79.31722, -5.91778]}}, {"id": "75", "type": "Feature", "properties": {"CODIGO": "105058", "ESTACION": "SAN IGNACIO", "LATITUD": -5.14708, "LONGITUD": -78.99512, "ALTITUD": 1243.0, "ANIO": "2026", "MES": "08", "DEPARTAMEN": "CAJAMARCA", "PROVINCIA": "SAN IGNACIO", "DISTRITO": "SAN IGNACIO", "PREC": 45.6, "NORMAL": 48.8, "ANOMALIA": -6.6, "PORCENTAJE": "-15 - 15"}, "geometry": {"type": "Point", "coordinates": [-78.99512, -5.14708]}}, {"id": "76", "type": "Feature", "properties": {"CODIGO": "105064", "ESTACION": "HUARMACA", "LATITUD": -5.56479, "LONGITUD": -79.51975, "ALTITUD": 2232.0, "ANIO": "2026", "MES": "08", "DEPARTAMEN": "PIURA", "PROVINCIA": "HUANCABAMBA", "DISTRITO": "HUARMACA", "PREC": 0.2, "NORMAL": 3.2, "ANOMALIA": -93.8, "PORCENTAJE": "-100 - -60"}, "geometry": {"type": "Point", "coordinates": [-79.51975, -5.56479]}}, {"id": "77", "type": "Feature", "properties": {"CODIGO": "105065", "ESTACION": "CHONTALI", "LATITUD": -5.64389, "LONGITUD": -79.09, "ALTITUD": 1627.0, "ANIO": "2026", "MES": "08", "DEPARTAMEN": "CAJAMARCA", "PROVINCIA": "JAEN", "DISTRITO": "CHONTALI", "PREC": 46.4, "NORMAL": 27.8, "ANOMALIA": 66.9, "PORCENTAJE": "60 - 100"}, "geometry": {"type": "Point", "coordinates": [-79.09, -5.64389]}}, {"id": "78", "type": "Feature", "properties": {"CODIGO": "105067", "ESTACION": "JAEN", "LATITUD": -5.67664, "LONGITUD": -78.77416, "ALTITUD": 618.0, "ANIO": "2026", "MES": "08", "DEPARTAMEN": "CAJAMARCA", "PROVINCIA": "JAEN", "DISTRITO": "JAEN", "PREC": 9.0, "NORMAL": 18.9, "ANOMALIA": -52.4, "PORCENTAJE": "-60 - -30"}, "geometry": {"type": "Point", "coordinates": [-78.77416, -5.67664]}}, {"id": "79", "type": "Feature", "properties": {"CODIGO": "105068", "ESTACION": "BAGUA CHICA", "LATITUD": -5.66148, "LONGITUD": -78.53396, "ALTITUD": 397.0, "ANIO": "2026", "MES": "08", "DEPARTAMEN": "AMAZONAS", "PROVINCIA": "UTCUBAMBA", "DISTRITO": "BAGUA GRANDE", "PREC": 52.7, "NORMAL": 23.8, "ANOMALIA": 121.4, "PORCENTAJE": "100 - 200"}, "geometry": {"type": "Point", "coordinates": [-78.53396, -5.66148]}}, {"id": "80", "type": "Feature", "properties": {"CODIGO": "105070", "ESTACION": "CHULUCANAS", "LATITUD": -5.10843, "LONGITUD": -80.16956, "ALTITUD": 89.0, "ANIO": "2026", "MES": "08", "DEPARTAMEN": "PIURA", "PROVINCIA": "MORROPON", "DISTRITO": "CHULUCANAS", "PREC": 0.0, "NORMAL": 0.1, "ANOMALIA": 0.0, "PORCENTAJE": "-15 - 15"}, "geometry": {"type": "Point", "coordinates": [-80.16956, -5.10843]}}, {"id": "81", "type": "Feature", "properties": {"CODIGO": "105074", "ESTACION": "CHIRINOS", "LATITUD": -5.3085, "LONGITUD": -78.89759, "ALTITUD": 1772.0, "ANIO": "2026", "MES": "08", "DEPARTAMEN": "CAJAMARCA", "PROVINCIA": "SAN IGNACIO", "DISTRITO": "CHIRINOS", "PREC": 49.85, "NORMAL": 53.7, "ANOMALIA": -7.2, "PORCENTAJE": "-15 - 15"}, "geometry": {"type": "Point", "coordinates": [-78.89759, -5.3085]}}, {"id": "82", "type": "Feature", "properties": {"CODIGO": "105075", "ESTACION": "ARAMANGO", "LATITUD": -5.41994, "LONGITUD": -78.43553, "ALTITUD": 508.0, "ANIO": "2026", "MES": "08", "DEPARTAMEN": "AMAZONAS", "PROVINCIA": "BAGUA", "DISTRITO": "ARAMANGO", "PREC": 105.7, "NORMAL": 148.2, "ANOMALIA": -28.7, "PORCENTAJE": "-30 - -15"}, "geometry": {"type": "Point", "coordinates": [-78.43553, -5.41994]}}, {"id": "83", "type": "Feature", "properties": {"CODIGO": "105076", "ESTACION": "PASABAR", "LATITUD": -5.83722, "LONGITUD": -79.81908, "ALTITUD": 124.0, "ANIO": "2026", "MES": "08", "DEPARTAMEN": "LAMBAYEQUE", "PROVINCIA": "LAMBAYEQUE", "DISTRITO": "OLMOS", "PREC": 0.11, "NORMAL": 0.1, "ANOMALIA": 0.0, "PORCENTAJE": "-15 - 15"}, "geometry": {"type": "Point", "coordinates": [-79.81908, -5.83722]}}, {"id": "84", "type": "Feature", "properties": {"CODIGO": "105078", "ESTACION": "ANGAMOS", "LATITUD": -5.1498, "LONGITUD": -72.8771, "ALTITUD": 101.0, "ANIO": "2026", "MES": "08", "DEPARTAMEN": "LORETO", "PROVINCIA": "REQUENA", "DISTRITO": "YAQUERANA", "PREC": 160.9, "NORMAL": 137.4, "ANOMALIA": 17.1, "PORCENTAJE": "15 - 30"}, "geometry": {"type": "Point", "coordinates": [-72.8771, -5.1498]}}, {"id": "85", "type": "Feature", "properties": {"CODIGO": "105079", "ESTACION": "JAZAN", "LATITUD": -5.94485, "LONGITUD": -77.97569, "ALTITUD": 1354.0, "ANIO": "2026", "MES": "08", "DEPARTAMEN": "AMAZONAS", "PROVINCIA": "BONGARA", "DISTRITO": "JAZAN", "PREC": 51.1, "NORMAL": 45.5, "ANOMALIA": 12.3, "PORCENTAJE": "-15 - 15"}, "geometry": {"type": "Point", "coordinates": [-77.97569, -5.94485]}}, {"id": "86", "type": "Feature", "properties": {"CODIGO": "105090", "ESTACION": "BRETA\u00c3\u0091A", "LATITUD": -5.2539, "LONGITUD": -74.3444, "ALTITUD": 105.0, "ANIO": "2026", "MES": "08", "DEPARTAMEN": "LORETO", "PROVINCIA": "REQUENA", "DISTRITO": "PUINAHUA", "PREC": 125.2, "NORMAL": 117.5, "ANOMALIA": 6.6, "PORCENTAJE": "-15 - 15"}, "geometry": {"type": "Point", "coordinates": [-74.3444, -5.2539]}}, {"id": "87", "type": "Feature", "properties": {"CODIGO": "105091", "ESTACION": "TAMANCO", "LATITUD": -5.7921, "LONGITUD": -74.289, "ALTITUD": 104.0, "ANIO": "2026", "MES": "08", "DEPARTAMEN": "LORETO", "PROVINCIA": "REQUENA", "DISTRITO": "EMILIO SAN MARTIN", "PREC": 69.0, "NORMAL": 76.6, "ANOMALIA": -9.9, "PORCENTAJE": "-15 - 15"}, "geometry": {"type": "Point", "coordinates": [-74.289, -5.7921]}}, {"id": "88", "type": "Feature", "properties": {"CODIGO": "105092", "ESTACION": "FLOR DE PUNGA", "LATITUD": -5.4055, "LONGITUD": -74.1591, "ALTITUD": 105.0, "ANIO": "2026", "MES": "08", "DEPARTAMEN": "LORETO", "PROVINCIA": "REQUENA", "DISTRITO": "CAPELO", "PREC": 85.2, "NORMAL": 89.0, "ANOMALIA": -4.3, "PORCENTAJE": "-15 - 15"}, "geometry": {"type": "Point", "coordinates": [-74.1591, -5.4055]}}, {"id": "89", "type": "Feature", "properties": {"CODIGO": "105095", "ESTACION": "REQUENA", "LATITUD": -5.04308, "LONGITUD": -73.83612, "ALTITUD": 109.0, "ANIO": "2026", "MES": "08", "DEPARTAMEN": "LORETO", "PROVINCIA": "REQUENA", "DISTRITO": "REQUENA", "PREC": 220.4, "NORMAL": 120.9, "ANOMALIA": 82.3, "PORCENTAJE": "60 - 100"}, "geometry": {"type": "Point", "coordinates": [-73.83612, -5.04308]}}, {"id": "90", "type": "Feature", "properties": {"CODIGO": "105096", "ESTACION": "SALALA", "LATITUD": -5.11153, "LONGITUD": -79.46349, "ALTITUD": 2974.0, "ANIO": "2026", "MES": "08", "DEPARTAMEN": "PIURA", "PROVINCIA": "HUANCABAMBA", "DISTRITO": "EL CARMEN DE LA FRONTERA", "PREC": 41.4, "NORMAL": 33.6, "ANOMALIA": 23.2, "PORCENTAJE": "15 - 30"}, "geometry": {"type": "Point", "coordinates": [-79.46349, -5.11153]}}, {"id": "91", "type": "Feature", "properties": {"CODIGO": "105100", "ESTACION": "MIRAFLORES", "LATITUD": -5.17528, "LONGITUD": -80.61654, "ALTITUD": 34.0, "ANIO": "2026", "MES": "08", "DEPARTAMEN": "PIURA", "PROVINCIA": "PIURA", "DISTRITO": "CASTILLA", "PREC": 0.0, "NORMAL": 0.1, "ANOMALIA": 0.0, "PORCENTAJE": "-15 - 15"}, "geometry": {"type": "Point", "coordinates": [-80.61654, -5.17528]}}, {"id": "92", "type": "Feature", "properties": {"CODIGO": "105104", "ESTACION": "CHIRIACO", "LATITUD": -5.16144, "LONGITUD": -78.28806, "ALTITUD": 323.0, "ANIO": "2026", "MES": "08", "DEPARTAMEN": "AMAZONAS", "PROVINCIA": "BAGUA", "DISTRITO": "IMAZA", "PREC": 142.5, "NORMAL": 146.6, "ANOMALIA": -2.8, "PORCENTAJE": "-15 - 15"}, "geometry": {"type": "Point", "coordinates": [-78.28806, -5.16144]}}, {"id": "93", "type": "Feature", "properties": {"CODIGO": "105106", "ESTACION": "MORROPON", "LATITUD": -5.19465, "LONGITUD": -79.97107, "ALTITUD": 128.0, "ANIO": "2026", "MES": "08", "DEPARTAMEN": "PIURA", "PROVINCIA": "MORROPON", "DISTRITO": "MORROPON", "PREC": 0.6, "NORMAL": 0.0, "ANOMALIA": 0.0, "PORCENTAJE": "-15 - 15"}, "geometry": {"type": "Point", "coordinates": [-79.97107, -5.19465]}}, {"id": "94", "type": "Feature", "properties": {"CODIGO": "106010", "ESTACION": "CELENDIN", "LATITUD": -6.85292, "LONGITUD": -78.14485, "ALTITUD": 2602.0, "ANIO": "2026", "MES": "08", "DEPARTAMEN": "CAJAMARCA", "PROVINCIA": "CELENDIN", "DISTRITO": "CELENDIN", "PREC": 11.7, "NORMAL": 5.1, "ANOMALIA": 129.4, "PORCENTAJE": "100 - 200"}, "geometry": {"type": "Point", "coordinates": [-78.14485, -6.85292]}}, {"id": "95", "type": "Feature", "properties": {"CODIGO": "106011", "ESTACION": "CHACHAPOYAS", "LATITUD": -6.2083, "LONGITUD": -77.86712, "ALTITUD": 2442.0, "ANIO": "2026", "MES": "08", "DEPARTAMEN": "AMAZONAS", "PROVINCIA": "CHACHAPOYAS", "DISTRITO": "CHACHAPOYAS", "PREC": 16.3, "NORMAL": 24.1, "ANOMALIA": -32.4, "PORCENTAJE": "-60 - -30"}, "geometry": {"type": "Point", "coordinates": [-77.86712, -6.2083]}}, {"id": "96", "type": "Feature", "properties": {"CODIGO": "106013", "ESTACION": "RIOJA", "LATITUD": -6.04728, "LONGITUD": -77.17197, "ALTITUD": 823.0, "ANIO": "2026", "MES": "08", "DEPARTAMEN": "SAN MARTIN", "PROVINCIA": "RIOJA", "DISTRITO": "RIOJA", "PREC": 50.8, "NORMAL": 74.3, "ANOMALIA": -31.6, "PORCENTAJE": "-60 - -30"}, "geometry": {"type": "Point", "coordinates": [-77.17197, -6.04728]}}, {"id": "97", "type": "Feature", "properties": {"CODIGO": "106014", "ESTACION": "MOYOBAMBA", "LATITUD": -6.04481, "LONGITUD": -76.96822, "ALTITUD": 879.0, "ANIO": "2026", "MES": "08", "DEPARTAMEN": "SAN MARTIN", "PROVINCIA": "MOYOBAMBA", "DISTRITO": "MOYOBAMBA", "PREC": 47.0, "NORMAL": 68.7, "ANOMALIA": -31.6, "PORCENTAJE": "-60 - -30"}, "geometry": {"type": "Point", "coordinates": [-76.96822, -6.04481]}}, {"id": "98", "type": "Feature", "properties": {"CODIGO": "106016", "ESTACION": "LAMAS", "LATITUD": -6.41874, "LONGITUD": -76.52794, "ALTITUD": 840.0, "ANIO": "2026", "MES": "08", "DEPARTAMEN": "SAN MARTIN", "PROVINCIA": "LAMAS", "DISTRITO": "LAMAS", "PREC": 157.1, "NORMAL": 60.1, "ANOMALIA": 161.4, "PORCENTAJE": "100 - 200"}, "geometry": {"type": "Point", "coordinates": [-76.52794, -6.41874]}}, {"id": "99", "type": "Feature", "properties": {"CODIGO": "106017", "ESTACION": "SAUCE", "LATITUD": -6.69432, "LONGITUD": -76.20099, "ALTITUD": 614.0, "ANIO": "2026", "MES": "08", "DEPARTAMEN": "SAN MARTIN", "PROVINCIA": "SAN MARTIN", "DISTRITO": "SAUCE", "PREC": 123.3, "NORMAL": 86.9, "ANOMALIA": 41.9, "PORCENTAJE": "30 - 60"}, "geometry": {"type": "Point", "coordinates": [-76.20099, -6.69432]}}, {"id": "100", "type": "Feature", "properties": {"CODIGO": "106019", "ESTACION": "LLAPA", "LATITUD": -6.97833, "LONGITUD": -78.81119, "ALTITUD": 2951.0, "ANIO": "2026", "MES": "08", "DEPARTAMEN": "CAJAMARCA", "PROVINCIA": "SAN MIGUEL", "DISTRITO": "LLAPA", "PREC": 12.7, "NORMAL": 8.1, "ANOMALIA": 56.8, "PORCENTAJE": "30 - 60"}, "geometry": {"type": "Point", "coordinates": [-78.81119, -6.97833]}}, {"id": "101", "type": "Feature", "properties": {"CODIGO": "106022", "ESTACION": "CHANCAY BA\u00c3\u0091OS", "LATITUD": -6.575, "LONGITUD": -78.86722, "ALTITUD": 1638.0, "ANIO": "2026", "MES": "08", "DEPARTAMEN": "CAJAMARCA", "PROVINCIA": "SANTA CRUZ", "DISTRITO": "CHANCAYBA\u00c3\u0091OS", "PREC": 1.3, "NORMAL": 14.2, "ANOMALIA": -90.8, "PORCENTAJE": "-100 - -60"}, "geometry": {"type": "Point", "coordinates": [-78.86722, -6.575]}}, {"id": "102", "type": "Feature", "properties": {"CODIGO": "106034", "ESTACION": "CHOTA", "LATITUD": -6.54713, "LONGITUD": -78.64863, "ALTITUD": 2468.0, "ANIO": "2026", "MES": "08", "DEPARTAMEN": "CAJAMARCA", "PROVINCIA": "CHOTA", "DISTRITO": "CHOTA", "PREC": 1.7, "NORMAL": 13.3, "ANOMALIA": -87.2, "PORCENTAJE": "-100 - -60"}, "geometry": {"type": "Point", "coordinates": [-78.64863, -6.54713]}}, {"id": "103", "type": "Feature", "properties": {"CODIGO": "106036", "ESTACION": "SIPAN", "LATITUD": -6.80141, "LONGITUD": -79.60002, "ALTITUD": 87.0, "ANIO": "2026", "MES": "08", "DEPARTAMEN": "LAMBAYEQUE", "PROVINCIA": "CHICLAYO", "DISTRITO": "SA\u00c3\u0091A", "PREC": 0.01, "NORMAL": 0.1, "ANOMALIA": 0.0, "PORCENTAJE": "-15 - 15"}, "geometry": {"type": "Point", "coordinates": [-79.60002, -6.80141]}}, {"id": "104", "type": "Feature", "properties": {"CODIGO": "106037", "ESTACION": "INCAHUASI", "LATITUD": -6.23389, "LONGITUD": -79.31806, "ALTITUD": 3052.0, "ANIO": "2026", "MES": "08", "DEPARTAMEN": "LAMBAYEQUE", "PROVINCIA": "FERRE\u00c3\u0091AFE", "DISTRITO": "INCAHUASI", "PREC": 0.4, "NORMAL": 7.6, "ANOMALIA": -94.7, "PORCENTAJE": "-100 - -60"}, "geometry": {"type": "Point", "coordinates": [-79.31806, -6.23389]}}, {"id": "105", "type": "Feature", "properties": {"CODIGO": "106038", "ESTACION": "SAN MIGUEL", "LATITUD": -6.99684, "LONGITUD": -78.85308, "ALTITUD": 2666.0, "ANIO": "2026", "MES": "08", "DEPARTAMEN": "CAJAMARCA", "PROVINCIA": "SAN MIGUEL", "DISTRITO": "SAN MIGUEL", "PREC": 8.4, "NORMAL": 4.0, "ANOMALIA": 110.0, "PORCENTAJE": "100 - 200"}, "geometry": {"type": "Point", "coordinates": [-78.85308, -6.99684]}}, {"id": "106", "type": "Feature", "properties": {"CODIGO": "106039", "ESTACION": "QUILCATE", "LATITUD": -6.82275, "LONGITUD": -78.744, "ALTITUD": 3076.0, "ANIO": "2026", "MES": "08", "DEPARTAMEN": "CAJAMARCA", "PROVINCIA": "SAN MIGUEL", "DISTRITO": "CATILLUC", "PREC": 9.2, "NORMAL": 13.4, "ANOMALIA": -31.3, "PORCENTAJE": "-60 - -30"}, "geometry": {"type": "Point", "coordinates": [-78.744, -6.82275]}}, {"id": "107", "type": "Feature", "properties": {"CODIGO": "106040", "ESTACION": "EL PORVENIR", "LATITUD": -6.58903, "LONGITUD": -76.31825, "ALTITUD": 223.0, "ANIO": "2026", "MES": "08", "DEPARTAMEN": "SAN MARTIN", "PROVINCIA": "SAN MARTIN", "DISTRITO": "JUAN GUERRA", "PREC": 84.5, "NORMAL": 53.8, "ANOMALIA": 57.1, "PORCENTAJE": "30 - 60"}, "geometry": {"type": "Point", "coordinates": [-76.31825, -6.58903]}}, {"id": "108", "type": "Feature", "properties": {"CODIGO": "106042", "ESTACION": "CAYALTI", "LATITUD": -6.8808, "LONGITUD": -79.547, "ALTITUD": 90.0, "ANIO": "2026", "MES": "08", "DEPARTAMEN": "LAMBAYEQUE", "PROVINCIA": "CHICLAYO", "DISTRITO": "CAYALTI", "PREC": 0.0, "NORMAL": 0.3, "ANOMALIA": 0.0, "PORCENTAJE": "-15 - 15"}, "geometry": {"type": "Point", "coordinates": [-79.547, -6.8808]}}, {"id": "109", "type": "Feature", "properties": {"CODIGO": "106043", "ESTACION": "TABALOSOS", "LATITUD": -6.39533, "LONGITUD": -76.62533, "ALTITUD": 486.0, "ANIO": "2026", "MES": "08", "DEPARTAMEN": "SAN MARTIN", "PROVINCIA": "LAMAS", "DISTRITO": "TABALOSOS", "PREC": 118.12, "NORMAL": 75.1, "ANOMALIA": 57.3, "PORCENTAJE": "30 - 60"}, "geometry": {"type": "Point", "coordinates": [-76.62533, -6.39533]}}, {"id": "110", "type": "Feature", "properties": {"CODIGO": "106046", "ESTACION": "REQUE", "LATITUD": -6.88613, "LONGITUD": -79.8355, "ALTITUD": 13.0, "ANIO": "2026", "MES": "08", "DEPARTAMEN": "LAMBAYEQUE", "PROVINCIA": "CHICLAYO", "DISTRITO": "ETEN", "PREC": 0.0, "NORMAL": 0.0, "ANOMALIA": 0.0, "PORCENTAJE": "-15 - 15"}, "geometry": {"type": "Point", "coordinates": [-79.8355, -6.88613]}}, {"id": "111", "type": "Feature", "properties": {"CODIGO": "106047", "ESTACION": "JAYANCA", "LATITUD": -6.33159, "LONGITUD": -79.76869, "ALTITUD": 78.0, "ANIO": "2026", "MES": "08", "DEPARTAMEN": "LAMBAYEQUE", "PROVINCIA": "LAMBAYEQUE", "DISTRITO": "JAYANCA", "PREC": 0.0, "NORMAL": 0.0, "ANOMALIA": 0.0, "PORCENTAJE": "-15 - 15"}, "geometry": {"type": "Point", "coordinates": [-79.76869, -6.33159]}}, {"id": "112", "type": "Feature", "properties": {"CODIGO": "106049", "ESTACION": "TINAJONES", "LATITUD": -6.65493, "LONGITUD": -79.4279, "ALTITUD": 182.0, "ANIO": "2026", "MES": "08", "DEPARTAMEN": "LAMBAYEQUE", "PROVINCIA": "CHICLAYO", "DISTRITO": "CHONGOYAPE", "PREC": 0.0, "NORMAL": 0.4, "ANOMALIA": 0.0, "PORCENTAJE": "-15 - 15"}, "geometry": {"type": "Point", "coordinates": [-79.4279, -6.65493]}}, {"id": "113", "type": "Feature", "properties": {"CODIGO": "106054", "ESTACION": "HUAMBOS", "LATITUD": -6.45368, "LONGITUD": -78.96315, "ALTITUD": 2258.0, "ANIO": "2026", "MES": "08", "DEPARTAMEN": "CAJAMARCA", "PROVINCIA": "CHOTA", "DISTRITO": "HUAMBOS", "PREC": 14.2, "NORMAL": 16.1, "ANOMALIA": -11.8, "PORCENTAJE": "-15 - 15"}, "geometry": {"type": "Point", "coordinates": [-78.96315, -6.45368]}}, {"id": "114", "type": "Feature", "properties": {"CODIGO": "106056", "ESTACION": "SANTA CRUZ", "LATITUD": -6.61657, "LONGITUD": -78.94761, "ALTITUD": 2002.0, "ANIO": "2026", "MES": "08", "DEPARTAMEN": "CAJAMARCA", "PROVINCIA": "SANTA CRUZ", "DISTRITO": "SANTA CRUZ", "PREC": 0.4, "NORMAL": 11.1, "ANOMALIA": -96.4, "PORCENTAJE": "-100 - -60"}, "geometry": {"type": "Point", "coordinates": [-78.94761, -6.61657]}}, {"id": "115", "type": "Feature", "properties": {"CODIGO": "106057", "ESTACION": "CUTERVO", "LATITUD": -6.37964, "LONGITUD": -78.80512, "ALTITUD": 2668.0, "ANIO": "2026", "MES": "08", "DEPARTAMEN": "CAJAMARCA", "PROVINCIA": "CUTERVO", "DISTRITO": "CUTERVO", "PREC": 15.0, "NORMAL": 21.1, "ANOMALIA": -28.9, "PORCENTAJE": "-30 - -15"}, "geometry": {"type": "Point", "coordinates": [-78.80512, -6.37964]}}, {"id": "116", "type": "Feature", "properties": {"CODIGO": "106058", "ESTACION": "COCHABAMBA", "LATITUD": -6.46009, "LONGITUD": -78.8886, "ALTITUD": 1653.0, "ANIO": "2026", "MES": "08", "DEPARTAMEN": "CAJAMARCA", "PROVINCIA": "CHOTA", "DISTRITO": "COCHABAMBA", "PREC": 18.6, "NORMAL": 18.6, "ANOMALIA": 0.0, "PORCENTAJE": "-15 - 15"}, "geometry": {"type": "Point", "coordinates": [-78.8886, -6.46009]}}, {"id": "117", "type": "Feature", "properties": {"CODIGO": "106060", "ESTACION": "CUEVA BLANCA", "LATITUD": -6.1313, "LONGITUD": -79.4045, "ALTITUD": 3300.0, "ANIO": "2026", "MES": "08", "DEPARTAMEN": "LAMBAYEQUE", "PROVINCIA": "FERRE\u00c3\u0091AFE", "DISTRITO": "INCAHUASI", "PREC": 2.2, "NORMAL": 9.9, "ANOMALIA": -77.8, "PORCENTAJE": "-100 - -60"}, "geometry": {"type": "Point", "coordinates": [-79.4045, -6.1313]}}, {"id": "118", "type": "Feature", "properties": {"CODIGO": "106061", "ESTACION": "TOCMOCHE", "LATITUD": -6.4101, "LONGITUD": -79.3557, "ALTITUD": 1399.0, "ANIO": "2026", "MES": "08", "DEPARTAMEN": "CAJAMARCA", "PROVINCIA": "CHOTA", "DISTRITO": "TOCMOCHE", "PREC": 0.0, "NORMAL": 0.9, "ANOMALIA": 0.0, "PORCENTAJE": "-15 - 15"}, "geometry": {"type": "Point", "coordinates": [-79.3557, -6.4101]}}, {"id": "119", "type": "Feature", "properties": {"CODIGO": "106065", "ESTACION": "HACIENDA PUCARA", "LATITUD": -6.04167, "LONGITUD": -79.13389, "ALTITUD": 1012.0, "ANIO": "2026", "MES": "08", "DEPARTAMEN": "CAJAMARCA", "PROVINCIA": "JAEN", "DISTRITO": "PUCARA", "PREC": 2.3, "NORMAL": 5.9, "ANOMALIA": -61.0, "PORCENTAJE": "-100 - -60"}, "geometry": {"type": "Point", "coordinates": [-79.13389, -6.04167]}}, {"id": "120", "type": "Feature", "properties": {"CODIGO": "106068", "ESTACION": "UDIMA", "LATITUD": -6.81474, "LONGITUD": -79.09377, "ALTITUD": 2466.0, "ANIO": "2026", "MES": "08", "DEPARTAMEN": "CAJAMARCA", "PROVINCIA": "SANTA CRUZ", "DISTRITO": "CATACHE", "PREC": 0.0, "NORMAL": 11.1, "ANOMALIA": -100.0, "PORCENTAJE": "-100 - -60"}, "geometry": {"type": "Point", "coordinates": [-79.09377, -6.81474]}}, {"id": "121", "type": "Feature", "properties": {"CODIGO": "106077", "ESTACION": "CHUGUR", "LATITUD": -6.66878, "LONGITUD": -78.738, "ALTITUD": 2748.0, "ANIO": "2026", "MES": "08", "DEPARTAMEN": "CAJAMARCA", "PROVINCIA": "HUALGAYOC", "DISTRITO": "CHUGUR", "PREC": 14.8, "NORMAL": 24.3, "ANOMALIA": -39.1, "PORCENTAJE": "-60 - -30"}, "geometry": {"type": "Point", "coordinates": [-78.738, -6.66878]}}, {"id": "122", "type": "Feature", "properties": {"CODIGO": "106083", "ESTACION": "SORITOR", "LATITUD": -6.142, "LONGITUD": -77.09179, "ALTITUD": 852.0, "ANIO": "2026", "MES": "08", "DEPARTAMEN": "SAN MARTIN", "PROVINCIA": "MOYOBAMBA", "DISTRITO": "SORITOR", "PREC": 62.2, "NORMAL": 83.7, "ANOMALIA": -25.7, "PORCENTAJE": "-30 - -15"}, "geometry": {"type": "Point", "coordinates": [-77.09179, -6.142]}}, {"id": "123", "type": "Feature", "properties": {"CODIGO": "106084", "ESTACION": "CHOTANO LAJAS", "LATITUD": -6.5622, "LONGITUD": -78.7389, "ALTITUD": 2163.0, "ANIO": "2026", "MES": "08", "DEPARTAMEN": "CAJAMARCA", "PROVINCIA": "CHOTA", "DISTRITO": "LAJAS", "PREC": 1.0, "NORMAL": 16.0, "ANOMALIA": -93.8, "PORCENTAJE": "-100 - -60"}, "geometry": {"type": "Point", "coordinates": [-78.7389, -6.5622]}}, {"id": "124", "type": "Feature", "properties": {"CODIGO": "106088", "ESTACION": "JEPELACIO", "LATITUD": -6.11275, "LONGITUD": -76.90761, "ALTITUD": 1057.0, "ANIO": "2026", "MES": "08", "DEPARTAMEN": "SAN MARTIN", "PROVINCIA": "MOYOBAMBA", "DISTRITO": "JEPELACIO", "PREC": 49.5, "NORMAL": 65.2, "ANOMALIA": -24.1, "PORCENTAJE": "-30 - -15"}, "geometry": {"type": "Point", "coordinates": [-76.90761, -6.11275]}}, {"id": "125", "type": "Feature", "properties": {"CODIGO": "106091", "ESTACION": "SAN PABLO", "LATITUD": -6.80956, "LONGITUD": -76.57625, "ALTITUD": 270.0, "ANIO": "2026", "MES": "08", "DEPARTAMEN": "SAN MARTIN", "PROVINCIA": "BELLAVISTA", "DISTRITO": "SAN PABLO", "PREC": 69.8, "NORMAL": 68.6, "ANOMALIA": 1.7, "PORCENTAJE": "-15 - 15"}, "geometry": {"type": "Point", "coordinates": [-76.57625, -6.80956]}}, {"id": "126", "type": "Feature", "properties": {"CODIGO": "106092", "ESTACION": "ALAO", "LATITUD": -6.517, "LONGITUD": -76.73806, "ALTITUD": 420.0, "ANIO": "2026", "MES": "08", "DEPARTAMEN": "SAN MARTIN", "PROVINCIA": "EL DORADO", "DISTRITO": "SAN MARTIN", "PREC": 96.6, "NORMAL": 72.0, "ANOMALIA": 34.2, "PORCENTAJE": "30 - 60"}, "geometry": {"type": "Point", "coordinates": [-76.73806, -6.517]}}, {"id": "127", "type": "Feature", "properties": {"CODIGO": "106094", "ESTACION": "CU\u00c3\u0091UMBUQUE", "LATITUD": -6.50825, "LONGITUD": -76.48075, "ALTITUD": 230.0, "ANIO": "2026", "MES": "08", "DEPARTAMEN": "SAN MARTIN", "PROVINCIA": "LAMAS", "DISTRITO": "CU\u00c3\u0091UMBUQUI", "PREC": 47.1, "NORMAL": 55.0, "ANOMALIA": -14.4, "PORCENTAJE": "-15 - 15"}, "geometry": {"type": "Point", "coordinates": [-76.48075, -6.50825]}}, {"id": "128", "type": "Feature", "properties": {"CODIGO": "106095", "ESTACION": "PICOTA", "LATITUD": -6.91989, "LONGITUD": -76.33022, "ALTITUD": 220.0, "ANIO": "2026", "MES": "08", "DEPARTAMEN": "SAN MARTIN", "PROVINCIA": "PICOTA", "DISTRITO": "PICOTA", "PREC": 45.0, "NORMAL": 46.6, "ANOMALIA": -3.4, "PORCENTAJE": "-15 - 15"}, "geometry": {"type": "Point", "coordinates": [-76.33022, -6.91989]}}, {"id": "129", "type": "Feature", "properties": {"CODIGO": "106096", "ESTACION": "SAN ANTONIO", "LATITUD": -6.41274, "LONGITUD": -76.4072, "ALTITUD": 467.0, "ANIO": "2026", "MES": "08", "DEPARTAMEN": "SAN MARTIN", "PROVINCIA": "SAN MARTIN", "DISTRITO": "SAN ANTONIO", "PREC": 189.0, "NORMAL": 83.8, "ANOMALIA": 125.5, "PORCENTAJE": "100 - 200"}, "geometry": {"type": "Point", "coordinates": [-76.4072, -6.41274]}}, {"id": "130", "type": "Feature", "properties": {"CODIGO": "106098", "ESTACION": "PILLUANA", "LATITUD": -6.77631, "LONGITUD": -76.29056, "ALTITUD": 208.0, "ANIO": "2026", "MES": "08", "DEPARTAMEN": "SAN MARTIN", "PROVINCIA": "PICOTA", "DISTRITO": "PILLUANA", "PREC": 79.5, "NORMAL": 57.0, "ANOMALIA": 39.5, "PORCENTAJE": "30 - 60"}, "geometry": {"type": "Point", "coordinates": [-76.29056, -6.77631]}}, {"id": "131", "type": "Feature", "properties": {"CODIGO": "106101", "ESTACION": "CHAZUTA", "LATITUD": -6.57119, "LONGITUD": -76.1315, "ALTITUD": 203.0, "ANIO": "2026", "MES": "08", "DEPARTAMEN": "SAN MARTIN", "PROVINCIA": "SAN MARTIN", "DISTRITO": "CHAZUTA", "PREC": 95.6, "NORMAL": 65.4, "ANOMALIA": 46.2, "PORCENTAJE": "30 - 60"}, "geometry": {"type": "Point", "coordinates": [-76.1315, -6.57119]}}, {"id": "132", "type": "Feature", "properties": {"CODIGO": "106108", "ESTACION": "LAMBAYEQUE", "LATITUD": -6.73438, "LONGITUD": -79.90894, "ALTITUD": 18.0, "ANIO": "2026", "MES": "08", "DEPARTAMEN": "LAMBAYEQUE", "PROVINCIA": "LAMBAYEQUE", "DISTRITO": "SAN JOSE", "PREC": 0.0, "NORMAL": 0.0, "ANOMALIA": 0.0, "PORCENTAJE": "-15 - 15"}, "geometry": {"type": "Point", "coordinates": [-79.90894, -6.73438]}}, {"id": "133", "type": "Feature", "properties": {"CODIGO": "106109", "ESTACION": "OYOTUN", "LATITUD": -6.86394, "LONGITUD": -79.32062, "ALTITUD": 187.0, "ANIO": "2026", "MES": "08", "DEPARTAMEN": "LAMBAYEQUE", "PROVINCIA": "CHICLAYO", "DISTRITO": "OYOTUN", "PREC": 0.0, "NORMAL": 0.7, "ANOMALIA": 0.0, "PORCENTAJE": "-15 - 15"}, "geometry": {"type": "Point", "coordinates": [-79.32062, -6.86394]}}, {"id": "134", "type": "Feature", "properties": {"CODIGO": "106110", "ESTACION": "PUCALLPA - HUIMBAYOC", "LATITUD": -6.45278, "LONGITUD": -75.84556, "ALTITUD": 162.0, "ANIO": "2026", "MES": "08", "DEPARTAMEN": "SAN MARTIN", "PROVINCIA": "SAN MARTIN", "DISTRITO": "HUIMBAYOC", "PREC": 171.7, "NORMAL": 98.9, "ANOMALIA": 73.6, "PORCENTAJE": "60 - 100"}, "geometry": {"type": "Point", "coordinates": [-75.84556, -6.45278]}}, {"id": "135", "type": "Feature", "properties": {"CODIGO": "106112", "ESTACION": "PELEJO", "LATITUD": -6.21531, "LONGITUD": -75.8025, "ALTITUD": 141.0, "ANIO": "2026", "MES": "08", "DEPARTAMEN": "SAN MARTIN", "PROVINCIA": "SAN MARTIN", "DISTRITO": "EL PORVENIR", "PREC": 160.3, "NORMAL": 86.3, "ANOMALIA": 85.7, "PORCENTAJE": "60 - 100"}, "geometry": {"type": "Point", "coordinates": [-75.8025, -6.21531]}}, {"id": "136", "type": "Feature", "properties": {"CODIGO": "106119", "ESTACION": "TINGO DE PONAZA", "LATITUD": -6.93722, "LONGITUD": -76.25267, "ALTITUD": 238.0, "ANIO": "2026", "MES": "08", "DEPARTAMEN": "SAN MARTIN", "PROVINCIA": "PICOTA", "DISTRITO": "TINGO DE PONASA", "PREC": 83.7, "NORMAL": 53.1, "ANOMALIA": 57.6, "PORCENTAJE": "30 - 60"}, "geometry": {"type": "Point", "coordinates": [-76.25267, -6.93722]}}, {"id": "137", "type": "Feature", "properties": {"CODIGO": "106120", "ESTACION": "PUCHACA", "LATITUD": -6.37361, "LONGITUD": -79.46951, "ALTITUD": 336.0, "ANIO": "2026", "MES": "08", "DEPARTAMEN": "LAMBAYEQUE", "PROVINCIA": "FERRE\u00c3\u0091AFE", "DISTRITO": "INCAHUASI", "PREC": 0.0, "NORMAL": 0.5, "ANOMALIA": 0.0, "PORCENTAJE": "-15 - 15"}, "geometry": {"type": "Point", "coordinates": [-79.46951, -6.37361]}}, {"id": "138", "type": "Feature", "properties": {"CODIGO": "106121", "ESTACION": "EL PALTO", "LATITUD": -6.00039, "LONGITUD": -78.47097, "ALTITUD": 1467.0, "ANIO": "2026", "MES": "08", "DEPARTAMEN": "AMAZONAS", "PROVINCIA": "UTCUBAMBA", "DISTRITO": "LONYA GRANDE", "PREC": 12.7, "NORMAL": 45.3, "ANOMALIA": -72.0, "PORCENTAJE": "-100 - -60"}, "geometry": {"type": "Point", "coordinates": [-78.47097, -6.00039]}}, {"id": "139", "type": "Feature", "properties": {"CODIGO": "107002", "ESTACION": "GRANJA PORCON", "LATITUD": -7.03753, "LONGITUD": -78.6334, "ALTITUD": 3149.0, "ANIO": "2026", "MES": "08", "DEPARTAMEN": "CAJAMARCA", "PROVINCIA": "CAJAMARCA", "DISTRITO": "CAJAMARCA", "PREC": 19.0, "NORMAL": 15.4, "ANOMALIA": 23.4, "PORCENTAJE": "15 - 30"}, "geometry": {"type": "Point", "coordinates": [-78.6334, -7.03753]}}, {"id": "140", "type": "Feature", "properties": {"CODIGO": "107005", "ESTACION": "SAN JUAN", "LATITUD": -7.29756, "LONGITUD": -78.49106, "ALTITUD": 2253.0, "ANIO": "2026", "MES": "08", "DEPARTAMEN": "CAJAMARCA", "PROVINCIA": "CAJAMARCA", "DISTRITO": "SAN JUAN", "PREC": 2.3, "NORMAL": 2.5, "ANOMALIA": -8.0, "PORCENTAJE": "-15 - 15"}, "geometry": {"type": "Point", "coordinates": [-78.49106, -7.29756]}}, {"id": "141", "type": "Feature", "properties": {"CODIGO": "107006", "ESTACION": "SAN MARCOS", "LATITUD": -7.32249, "LONGITUD": -78.1727, "ALTITUD": 2287.0, "ANIO": "2026", "MES": "08", "DEPARTAMEN": "CAJAMARCA", "PROVINCIA": "SAN MARCOS", "DISTRITO": "PEDRO GALVEZ", "PREC": 4.5, "NORMAL": 3.1, "ANOMALIA": 45.2, "PORCENTAJE": "30 - 60"}, "geometry": {"type": "Point", "coordinates": [-78.1727, -7.32249]}}, {"id": "142", "type": "Feature", "properties": {"CODIGO": "107008", "ESTACION": "CAJABAMBA", "LATITUD": -7.62166, "LONGITUD": -78.05131, "ALTITUD": 2625.0, "ANIO": "2026", "MES": "08", "DEPARTAMEN": "CAJAMARCA", "PROVINCIA": "CAJABAMBA", "DISTRITO": "CAJABAMBA", "PREC": 7.9, "NORMAL": 6.2, "ANOMALIA": 27.4, "PORCENTAJE": "15 - 30"}, "geometry": {"type": "Point", "coordinates": [-78.05131, -7.62166]}}, {"id": "143", "type": "Feature", "properties": {"CODIGO": "107009", "ESTACION": "HUAMACHUCO", "LATITUD": -7.81916, "LONGITUD": -78.04013, "ALTITUD": 3186.0, "ANIO": "2026", "MES": "08", "DEPARTAMEN": "LA LIBERTAD", "PROVINCIA": "SANCHEZ CARRION", "DISTRITO": "HUAMACHUCO", "PREC": 28.3, "NORMAL": 11.9, "ANOMALIA": 137.8, "PORCENTAJE": "100 - 200"}, "geometry": {"type": "Point", "coordinates": [-78.04013, -7.81916]}}, {"id": "144", "type": "Feature", "properties": {"CODIGO": "107010", "ESTACION": "PACHIZA", "LATITUD": -7.29322, "LONGITUD": -76.77092, "ALTITUD": 286.0, "ANIO": "2026", "MES": "08", "DEPARTAMEN": "SAN MARTIN", "PROVINCIA": "MARISCAL CACERES", "DISTRITO": "PACHIZA", "PREC": 64.6, "NORMAL": 61.2, "ANOMALIA": 5.6, "PORCENTAJE": "-15 - 15"}, "geometry": {"type": "Point", "coordinates": [-76.77092, -7.29322]}}, {"id": "145", "type": "Feature", "properties": {"CODIGO": "107016", "ESTACION": "JESUS", "LATITUD": -7.2457, "LONGITUD": -78.38841, "ALTITUD": 2564.0, "ANIO": "2026", "MES": "08", "DEPARTAMEN": "CAJAMARCA", "PROVINCIA": "CAJAMARCA", "DISTRITO": "JESUS", "PREC": 4.1, "NORMAL": 5.3, "ANOMALIA": -22.6, "PORCENTAJE": "-30 - -15"}, "geometry": {"type": "Point", "coordinates": [-78.38841, -7.2457]}}, {"id": "146", "type": "Feature", "properties": {"CODIGO": "107017", "ESTACION": "MAGDALENA", "LATITUD": -7.25346, "LONGITUD": -78.65261, "ALTITUD": 1307.0, "ANIO": "2026", "MES": "08", "DEPARTAMEN": "CAJAMARCA", "PROVINCIA": "CAJAMARCA", "DISTRITO": "MAGDALENA", "PREC": 0.7, "NORMAL": 0.5, "ANOMALIA": 0.0, "PORCENTAJE": "-15 - 15"}, "geometry": {"type": "Point", "coordinates": [-78.65261, -7.25346]}}, {"id": "147", "type": "Feature", "properties": {"CODIGO": "107018", "ESTACION": "ASUNCION", "LATITUD": -7.32604, "LONGITUD": -78.51582, "ALTITUD": 2270.0, "ANIO": "2026", "MES": "08", "DEPARTAMEN": "CAJAMARCA", "PROVINCIA": "CAJAMARCA", "DISTRITO": "ASUNCION", "PREC": 2.8, "NORMAL": 1.5, "ANOMALIA": 86.7, "PORCENTAJE": "60 - 100"}, "geometry": {"type": "Point", "coordinates": [-78.51582, -7.32604]}}, {"id": "148", "type": "Feature", "properties": {"CODIGO": "107028", "ESTACION": "AUGUSTO WEBERBAUER", "LATITUD": -7.1675, "LONGITUD": -78.49309, "ALTITUD": 2673.0, "ANIO": "2026", "MES": "08", "DEPARTAMEN": "CAJAMARCA", "PROVINCIA": "CAJAMARCA", "DISTRITO": "CAJAMARCA", "PREC": 16.71, "NORMAL": 5.8, "ANOMALIA": 188.1, "PORCENTAJE": "100 - 200"}, "geometry": {"type": "Point", "coordinates": [-78.49309, -7.1675]}}, {"id": "149", "type": "Feature", "properties": {"CODIGO": "107033", "ESTACION": "AYLAMBO", "LATITUD": -7.19345, "LONGITUD": -78.51012, "ALTITUD": 2908.0, "ANIO": "2026", "MES": "08", "DEPARTAMEN": "CAJAMARCA", "PROVINCIA": "CAJAMARCA", "DISTRITO": "CAJAMARCA", "PREC": 3.2, "NORMAL": 2.0, "ANOMALIA": 60.0, "PORCENTAJE": "30 - 60"}, "geometry": {"type": "Point", "coordinates": [-78.51012, -7.19345]}}, {"id": "150", "type": "Feature", "properties": {"CODIGO": "107035", "ESTACION": "LA VICTORIA", "LATITUD": -7.19119, "LONGITUD": -78.45947, "ALTITUD": 2630.0, "ANIO": "2026", "MES": "08", "DEPARTAMEN": "CAJAMARCA", "PROVINCIA": "CAJAMARCA", "DISTRITO": "LLACANORA", "PREC": 8.0, "NORMAL": 4.4, "ANOMALIA": 81.8, "PORCENTAJE": "60 - 100"}, "geometry": {"type": "Point", "coordinates": [-78.45947, -7.19119]}}, {"id": "151", "type": "Feature", "properties": {"CODIGO": "107036", "ESTACION": "SAN PABLO", "LATITUD": -7.11775, "LONGITUD": -78.83083, "ALTITUD": 2325.0, "ANIO": "2026", "MES": "08", "DEPARTAMEN": "CAJAMARCA", "PROVINCIA": "SAN PABLO", "DISTRITO": "SAN PABLO", "PREC": 0.5, "NORMAL": 1.7, "ANOMALIA": -70.6, "PORCENTAJE": "-100 - -60"}, "geometry": {"type": "Point", "coordinates": [-78.83083, -7.11775]}}, {"id": "152", "type": "Feature", "properties": {"CODIGO": "107037", "ESTACION": "NAMORA", "LATITUD": -7.2006, "LONGITUD": -78.32782, "ALTITUD": 2760.0, "ANIO": "2026", "MES": "08", "DEPARTAMEN": "CAJAMARCA", "PROVINCIA": "CAJAMARCA", "DISTRITO": "NAMORA", "PREC": 6.1, "NORMAL": 5.9, "ANOMALIA": 3.4, "PORCENTAJE": "-15 - 15"}, "geometry": {"type": "Point", "coordinates": [-78.32782, -7.2006]}}, {"id": "153", "type": "Feature", "properties": {"CODIGO": "107038", "ESTACION": "SONDOR-MATARA", "LATITUD": -7.23687, "LONGITUD": -78.21262, "ALTITUD": 2908.0, "ANIO": "2026", "MES": "08", "DEPARTAMEN": "CAJAMARCA", "PROVINCIA": "SAN MARCOS", "DISTRITO": "GREGORIO PITA", "PREC": 6.1, "NORMAL": 5.6, "ANOMALIA": 8.9, "PORCENTAJE": "-15 - 15"}, "geometry": {"type": "Point", "coordinates": [-78.21262, -7.23687]}}, {"id": "154", "type": "Feature", "properties": {"CODIGO": "107052", "ESTACION": "CONTUMAZA", "LATITUD": -7.36521, "LONGITUD": -78.82273, "ALTITUD": 2542.0, "ANIO": "2026", "MES": "08", "DEPARTAMEN": "CAJAMARCA", "PROVINCIA": "CONTUMAZA", "DISTRITO": "CONTUMAZA", "PREC": 1.3, "NORMAL": 1.2, "ANOMALIA": 8.3, "PORCENTAJE": "-15 - 15"}, "geometry": {"type": "Point", "coordinates": [-78.82273, -7.36521]}}, {"id": "155", "type": "Feature", "properties": {"CODIGO": "107054", "ESTACION": "CALLANCAS", "LATITUD": -7.76747, "LONGITUD": -78.47727, "ALTITUD": 1501.0, "ANIO": "2026", "MES": "08", "DEPARTAMEN": "LA LIBERTAD", "PROVINCIA": "OTUZCO", "DISTRITO": "CHARAT", "PREC": 0.01, "NORMAL": 0.6, "ANOMALIA": 0.0, "PORCENTAJE": "-15 - 15"}, "geometry": {"type": "Point", "coordinates": [-78.47727, -7.76747]}}, {"id": "156", "type": "Feature", "properties": {"CODIGO": "107055", "ESTACION": "LIVES", "LATITUD": -7.0802, "LONGITUD": -79.04045, "ALTITUD": 1931.0, "ANIO": "2026", "MES": "08", "DEPARTAMEN": "CAJAMARCA", "PROVINCIA": "SAN MIGUEL", "DISTRITO": "UNION AGUA BLANCA", "PREC": 0.0, "NORMAL": 0.7, "ANOMALIA": 0.0, "PORCENTAJE": "-15 - 15"}, "geometry": {"type": "Point", "coordinates": [-79.04045, -7.0802]}}, {"id": "157", "type": "Feature", "properties": {"CODIGO": "107057", "ESTACION": "SAN BENITO", "LATITUD": -7.42819, "LONGITUD": -78.92673, "ALTITUD": 1317.0, "ANIO": "2026", "MES": "08", "DEPARTAMEN": "CAJAMARCA", "PROVINCIA": "CONTUMAZA", "DISTRITO": "SAN BENITO", "PREC": 0.0, "NORMAL": 0.3, "ANOMALIA": 0.0, "PORCENTAJE": "-15 - 15"}, "geometry": {"type": "Point", "coordinates": [-78.92673, -7.42819]}}, {"id": "158", "type": "Feature", "properties": {"CODIGO": "107058", "ESTACION": "CHILETE", "LATITUD": -7.21968, "LONGITUD": -78.83799, "ALTITUD": 848.0, "ANIO": "2026", "MES": "08", "DEPARTAMEN": "CAJAMARCA", "PROVINCIA": "CONTUMAZA", "DISTRITO": "CHILETE", "PREC": 0.3, "NORMAL": 0.0, "ANOMALIA": 0.0, "PORCENTAJE": "-15 - 15"}, "geometry": {"type": "Point", "coordinates": [-78.83799, -7.21968]}}, {"id": "159", "type": "Feature", "properties": {"CODIGO": "107059", "ESTACION": "SINSICAP", "LATITUD": -7.85021, "LONGITUD": -78.75503, "ALTITUD": 2315.0, "ANIO": "2026", "MES": "08", "DEPARTAMEN": "LA LIBERTAD", "PROVINCIA": "OTUZCO", "DISTRITO": "SINSICAP", "PREC": 0.0, "NORMAL": 0.4, "ANOMALIA": 0.0, "PORCENTAJE": "-15 - 15"}, "geometry": {"type": "Point", "coordinates": [-78.75503, -7.85021]}}, {"id": "160", "type": "Feature", "properties": {"CODIGO": "107091", "ESTACION": "SHAMBOYACU", "LATITUD": -7.0223, "LONGITUD": -76.12911, "ALTITUD": 318.0, "ANIO": "2026", "MES": "08", "DEPARTAMEN": "SAN MARTIN", "PROVINCIA": "PICOTA", "DISTRITO": "SHAMBOYACU", "PREC": 138.7, "NORMAL": 66.4, "ANOMALIA": 108.9, "PORCENTAJE": "100 - 200"}, "geometry": {"type": "Point", "coordinates": [-76.12911, -7.0223]}}, {"id": "161", "type": "Feature", "properties": {"CODIGO": "107092", "ESTACION": "HUANGACOCHA", "LATITUD": -7.9375, "LONGITUD": -78.0681, "ALTITUD": 3770.0, "ANIO": "2026", "MES": "08", "DEPARTAMEN": "LA LIBERTAD", "PROVINCIA": "SANCHEZ CARRION", "DISTRITO": "HUAMACHUCO", "PREC": 9.9, "NORMAL": 7.2, "ANOMALIA": 37.5, "PORCENTAJE": "30 - 60"}, "geometry": {"type": "Point", "coordinates": [-78.0681, -7.9375]}}, {"id": "162", "type": "Feature", "properties": {"CODIGO": "107093", "ESTACION": "LA ENCA\u00c3\u0091ADA", "LATITUD": -7.12327, "LONGITUD": -78.33314, "ALTITUD": 2980.0, "ANIO": "2026", "MES": "08", "DEPARTAMEN": "CAJAMARCA", "PROVINCIA": "CAJAMARCA", "DISTRITO": "ENCA\u00c3\u0091ADA", "PREC": 4.7, "NORMAL": 6.8, "ANOMALIA": -30.9, "PORCENTAJE": "-60 - -30"}, "geometry": {"type": "Point", "coordinates": [-78.33314, -7.12327]}}, {"id": "163", "type": "Feature", "properties": {"CODIGO": "107095", "ESTACION": "CUZCO-BIAVO", "LATITUD": -7.25442, "LONGITUD": -76.4771, "ALTITUD": 258.0, "ANIO": "2026", "MES": "08", "DEPARTAMEN": "SAN MARTIN", "PROVINCIA": "BELLAVISTA", "DISTRITO": "ALTO BIAVO", "PREC": 60.7, "NORMAL": 54.5, "ANOMALIA": 11.4, "PORCENTAJE": "-15 - 15"}, "geometry": {"type": "Point", "coordinates": [-76.4771, -7.25442]}}, {"id": "164", "type": "Feature", "properties": {"CODIGO": "107101", "ESTACION": "HUAYABAMBA", "LATITUD": -7.26356, "LONGITUD": -76.73494, "ALTITUD": 285.0, "ANIO": "2026", "MES": "08", "DEPARTAMEN": "SAN MARTIN", "PROVINCIA": "MARISCAL CACERES", "DISTRITO": "JUANJUI", "PREC": 56.3, "NORMAL": 73.3, "ANOMALIA": -23.2, "PORCENTAJE": "-30 - -15"}, "geometry": {"type": "Point", "coordinates": [-76.73494, -7.26356]}}, {"id": "165", "type": "Feature", "properties": {"CODIGO": "108001", "ESTACION": "SALPO", "LATITUD": -8.00535, "LONGITUD": -78.6071, "ALTITUD": 3418.0, "ANIO": "2026", "MES": "08", "DEPARTAMEN": "LA LIBERTAD", "PROVINCIA": "OTUZCO", "DISTRITO": "SALPO", "PREC": 0.0, "NORMAL": 6.5, "ANOMALIA": -100.0, "PORCENTAJE": "-100 - -60"}, "geometry": {"type": "Point", "coordinates": [-78.6071, -8.00535]}}, {"id": "166", "type": "Feature", "properties": {"CODIGO": "108007", "ESTACION": "MALACASI", "LATITUD": -5.33977, "LONGITUD": -79.85794, "ALTITUD": 153.0, "ANIO": "2026", "MES": "08", "DEPARTAMEN": "PIURA", "PROVINCIA": "MORROPON", "DISTRITO": "SALITRAL", "PREC": 0.12, "NORMAL": 0.1, "ANOMALIA": 0.0, "PORCENTAJE": "-15 - 15"}, "geometry": {"type": "Point", "coordinates": [-79.85794, -5.33977]}}, {"id": "167", "type": "Feature", "properties": {"CODIGO": "108017", "ESTACION": "POMABAMBA", "LATITUD": -8.8217, "LONGITUD": -77.45733, "ALTITUD": 2985.0, "ANIO": "2026", "MES": "08", "DEPARTAMEN": "ANCASH", "PROVINCIA": "POMABAMBA", "DISTRITO": "POMABAMBA", "PREC": 5.8, "NORMAL": 11.6, "ANOMALIA": -50.0, "PORCENTAJE": "-60 - -30"}, "geometry": {"type": "Point", "coordinates": [-77.45733, -8.8217]}}, {"id": "168", "type": "Feature", "properties": {"CODIGO": "108025", "ESTACION": "LA DIVISORIA", "LATITUD": -9.20091, "LONGITUD": -75.81393, "ALTITUD": 1672.0, "ANIO": "2026", "MES": "08", "DEPARTAMEN": "HUANUCO", "PROVINCIA": "LEONCIO PRADO", "DISTRITO": "HERMILIO VALDIZAN", "PREC": 162.6, "NORMAL": 75.3, "ANOMALIA": 115.9, "PORCENTAJE": "100 - 200"}, "geometry": {"type": "Point", "coordinates": [-75.81393, -9.20091]}}, {"id": "169", "type": "Feature", "properties": {"CODIGO": "108028", "ESTACION": "AGUAYTIA", "LATITUD": -9.04225, "LONGITUD": -75.50624, "ALTITUD": 316.0, "ANIO": "2026", "MES": "08", "DEPARTAMEN": "UCAYALI", "PROVINCIA": "PADRE ABAD", "DISTRITO": "PADRE ABAD", "PREC": 228.8, "NORMAL": 124.7, "ANOMALIA": 83.5, "PORCENTAJE": "60 - 100"}, "geometry": {"type": "Point", "coordinates": [-75.50624, -9.04225]}}, {"id": "170", "type": "Feature", "properties": {"CODIGO": "108033", "ESTACION": "AUCAYACU", "LATITUD": -8.92987, "LONGITUD": -76.11171, "ALTITUD": 586.0, "ANIO": "2026", "MES": "08", "DEPARTAMEN": "HUANUCO", "PROVINCIA": "LEONCIO PRADO", "DISTRITO": "JOSE CRESPO Y CASTILLO", "PREC": 132.8, "NORMAL": 127.6, "ANOMALIA": 4.1, "PORCENTAJE": "-15 - 15"}, "geometry": {"type": "Point", "coordinates": [-76.11171, -8.92987]}}, {"id": "171", "type": "Feature", "properties": {"CODIGO": "108034", "ESTACION": "TOURNAVISTA", "LATITUD": -8.92749, "LONGITUD": -74.70882, "ALTITUD": 196.0, "ANIO": "2026", "MES": "08", "DEPARTAMEN": "HUANUCO", "PROVINCIA": "PUERTO INCA", "DISTRITO": "TOURNAVISTA", "PREC": 108.2, "NORMAL": 58.1, "ANOMALIA": 86.2, "PORCENTAJE": "60 - 100"}, "geometry": {"type": "Point", "coordinates": [-74.70882, -8.92749]}}, {"id": "172", "type": "Feature", "properties": {"CODIGO": "108043", "ESTACION": "JULCAN", "LATITUD": -8.04229, "LONGITUD": -78.48607, "ALTITUD": 3397.0, "ANIO": "2026", "MES": "08", "DEPARTAMEN": "LA LIBERTAD", "PROVINCIA": "JULCAN", "DISTRITO": "JULCAN", "PREC": 3.8, "NORMAL": 9.9, "ANOMALIA": -61.6, "PORCENTAJE": "-100 - -60"}, "geometry": {"type": "Point", "coordinates": [-78.48607, -8.04229]}}, {"id": "173", "type": "Feature", "properties": {"CODIGO": "108044", "ESTACION": "QUIRUVILCA", "LATITUD": -8.00422, "LONGITUD": -78.30791, "ALTITUD": 4047.0, "ANIO": "2026", "MES": "08", "DEPARTAMEN": "LA LIBERTAD", "PROVINCIA": "SANTIAGO DE CHUCO", "DISTRITO": "QUIRUVILCA", "PREC": 25.9, "NORMAL": 17.1, "ANOMALIA": 51.5, "PORCENTAJE": "30 - 60"}, "geometry": {"type": "Point", "coordinates": [-78.30791, -8.00422]}}, {"id": "174", "type": "Feature", "properties": {"CODIGO": "108045", "ESTACION": "CACHICADAN", "LATITUD": -8.09184, "LONGITUD": -78.14938, "ALTITUD": 2892.0, "ANIO": "2026", "MES": "08", "DEPARTAMEN": "LA LIBERTAD", "PROVINCIA": "SANTIAGO DE CHUCO", "DISTRITO": "CACHICADAN", "PREC": 3.1, "NORMAL": 5.0, "ANOMALIA": -38.0, "PORCENTAJE": "-60 - -30"}, "geometry": {"type": "Point", "coordinates": [-78.14938, -8.09184]}}, {"id": "175", "type": "Feature", "properties": {"CODIGO": "108046", "ESTACION": "MOLLEPATA", "LATITUD": -8.19137, "LONGITUD": -77.95397, "ALTITUD": 2708.0, "ANIO": "2026", "MES": "08", "DEPARTAMEN": "LA LIBERTAD", "PROVINCIA": "SANTIAGO DE CHUCO", "DISTRITO": "MOLLEPATA", "PREC": 2.3, "NORMAL": 1.1, "ANOMALIA": 109.1, "PORCENTAJE": "100 - 200"}, "geometry": {"type": "Point", "coordinates": [-77.95397, -8.19137]}}, {"id": "176", "type": "Feature", "properties": {"CODIGO": "108047", "ESTACION": "SIHUAS", "LATITUD": -8.56667, "LONGITUD": -77.65, "ALTITUD": 2716.0, "ANIO": "2026", "MES": "08", "DEPARTAMEN": "ANCASH", "PROVINCIA": "SIHUAS", "DISTRITO": "SIHUAS", "PREC": 7.2, "NORMAL": 14.9, "ANOMALIA": -51.7, "PORCENTAJE": "-60 - -30"}, "geometry": {"type": "Point", "coordinates": [-77.65, -8.56667]}}, {"id": "177", "type": "Feature", "properties": {"CODIGO": "108064", "ESTACION": "CABANA", "LATITUD": -8.39058, "LONGITUD": -78.00461, "ALTITUD": 3364.0, "ANIO": "2026", "MES": "08", "DEPARTAMEN": "ANCASH", "PROVINCIA": "PALLASCA", "DISTRITO": "CABANA", "PREC": 0.0, "NORMAL": 3.9, "ANOMALIA": -100.0, "PORCENTAJE": "-100 - -60"}, "geometry": {"type": "Point", "coordinates": [-78.00461, -8.39058]}}, {"id": "178", "type": "Feature", "properties": {"CODIGO": "108068", "ESTACION": "TRUJILLO", "LATITUD": -8.11203, "LONGITUD": -78.9851, "ALTITUD": 44.0, "ANIO": "2026", "MES": "08", "DEPARTAMEN": "LA LIBERTAD", "PROVINCIA": "TRUJILLO", "DISTRITO": "LAREDO", "PREC": 0.01, "NORMAL": 0.0, "ANOMALIA": 0.0, "PORCENTAJE": "-15 - 15"}, "geometry": {"type": "Point", "coordinates": [-78.9851, -8.11203]}}, {"id": "179", "type": "Feature", "properties": {"CODIGO": "109003", "ESTACION": "HUANUCO", "LATITUD": -9.95201, "LONGITUD": -76.24856, "ALTITUD": 1919.0, "ANIO": "2026", "MES": "08", "DEPARTAMEN": "HUANUCO", "PROVINCIA": "HUANUCO", "DISTRITO": "AMARILIS", "PREC": 4.7, "NORMAL": 6.7, "ANOMALIA": -29.9, "PORCENTAJE": "-30 - -15"}, "geometry": {"type": "Point", "coordinates": [-76.24856, -9.95201]}}, {"id": "180", "type": "Feature", "properties": {"CODIGO": "109014", "ESTACION": "BUENA VISTA", "LATITUD": -9.43371, "LONGITUD": -78.20825, "ALTITUD": 213.0, "ANIO": "2026", "MES": "08", "DEPARTAMEN": "ANCASH", "PROVINCIA": "CASMA", "DISTRITO": "BUENA VISTA ALTA", "PREC": 0.05, "NORMAL": 0.0, "ANOMALIA": 0.0, "PORCENTAJE": "-15 - 15"}, "geometry": {"type": "Point", "coordinates": [-78.20825, -9.43371]}}, {"id": "181", "type": "Feature", "properties": {"CODIGO": "109016", "ESTACION": "AIJA", "LATITUD": -9.78164, "LONGITUD": -77.60674, "ALTITUD": 3486.0, "ANIO": "2026", "MES": "08", "DEPARTAMEN": "ANCASH", "PROVINCIA": "AIJA", "DISTRITO": "AIJA", "PREC": 0.0, "NORMAL": 2.2, "ANOMALIA": -100.0, "PORCENTAJE": "-100 - -60"}, "geometry": {"type": "Point", "coordinates": [-77.60674, -9.78164]}}, {"id": "182", "type": "Feature", "properties": {"CODIGO": "109018", "ESTACION": "YUNGAY", "LATITUD": -9.14189, "LONGITUD": -77.74998, "ALTITUD": 2466.0, "ANIO": "2026", "MES": "08", "DEPARTAMEN": "ANCASH", "PROVINCIA": "YUNGAY", "DISTRITO": "YUNGAY", "PREC": 0.0, "NORMAL": 0.7, "ANOMALIA": 0.0, "PORCENTAJE": "-15 - 15"}, "geometry": {"type": "Point", "coordinates": [-77.74998, -9.14189]}}, {"id": "183", "type": "Feature", "properties": {"CODIGO": "109019", "ESTACION": "CHAVIN", "LATITUD": -9.58598, "LONGITUD": -77.17526, "ALTITUD": 3140.0, "ANIO": "2026", "MES": "08", "DEPARTAMEN": "ANCASH", "PROVINCIA": "HUARI", "DISTRITO": "CHAVIN DE HUANTAR", "PREC": 11.5, "NORMAL": 9.1, "ANOMALIA": 26.4, "PORCENTAJE": "15 - 30"}, "geometry": {"type": "Point", "coordinates": [-77.17526, -9.58598]}}, {"id": "184", "type": "Feature", "properties": {"CODIGO": "109020", "ESTACION": "CARPISH", "LATITUD": -9.70568, "LONGITUD": -76.09424, "ALTITUD": 2540.0, "ANIO": "2026", "MES": "08", "DEPARTAMEN": "HUANUCO", "PROVINCIA": "HUANUCO", "DISTRITO": "CHINCHAO", "PREC": 109.21, "NORMAL": 87.5, "ANOMALIA": 24.8, "PORCENTAJE": "15 - 30"}, "geometry": {"type": "Point", "coordinates": [-76.09424, -9.70568]}}, {"id": "185", "type": "Feature", "properties": {"CODIGO": "109021", "ESTACION": "CHAGLLA", "LATITUD": -9.85008, "LONGITUD": -75.90706, "ALTITUD": 3032.0, "ANIO": "2026", "MES": "08", "DEPARTAMEN": "HUANUCO", "PROVINCIA": "PACHITEA", "DISTRITO": "CHAGLLA", "PREC": 55.5, "NORMAL": 38.1, "ANOMALIA": 45.7, "PORCENTAJE": "30 - 60"}, "geometry": {"type": "Point", "coordinates": [-75.90706, -9.85008]}}, {"id": "186", "type": "Feature", "properties": {"CODIGO": "109022", "ESTACION": "JACAS CHICO", "LATITUD": -9.88474, "LONGITUD": -76.50094, "ALTITUD": 3703.0, "ANIO": "2026", "MES": "08", "DEPARTAMEN": "HUANUCO", "PROVINCIA": "YAROWILCA", "DISTRITO": "JACAS CHICO", "PREC": 13.1, "NORMAL": 22.5, "ANOMALIA": -41.8, "PORCENTAJE": "-60 - -30"}, "geometry": {"type": "Point", "coordinates": [-76.50094, -9.88474]}}, {"id": "187", "type": "Feature", "properties": {"CODIGO": "109027", "ESTACION": "TINGO MARIA", "LATITUD": -9.31016, "LONGITUD": -76.00049, "ALTITUD": 657.0, "ANIO": "2026", "MES": "08", "DEPARTAMEN": "HUANUCO", "PROVINCIA": "LEONCIO PRADO", "DISTRITO": "RUPA-RUPA", "PREC": 116.3, "NORMAL": 109.1, "ANOMALIA": 6.6, "PORCENTAJE": "-15 - 15"}, "geometry": {"type": "Point", "coordinates": [-76.00049, -9.31016]}}, {"id": "188", "type": "Feature", "properties": {"CODIGO": "109028", "ESTACION": "TULUMAYO", "LATITUD": -9.14706, "LONGITUD": -76.00944, "ALTITUD": 612.0, "ANIO": "2026", "MES": "08", "DEPARTAMEN": "HUANUCO", "PROVINCIA": "LEONCIO PRADO", "DISTRITO": "JOSE CRESPO Y CASTILLO", "PREC": 130.8, "NORMAL": 96.5, "ANOMALIA": 35.5, "PORCENTAJE": "30 - 60"}, "geometry": {"type": "Point", "coordinates": [-76.00944, -9.14706]}}, {"id": "189", "type": "Feature", "properties": {"CODIGO": "109032", "ESTACION": "PUERTO INCA", "LATITUD": -9.3851, "LONGITUD": -74.96376, "ALTITUD": 212.0, "ANIO": "2026", "MES": "08", "DEPARTAMEN": "HUANUCO", "PROVINCIA": "PUERTO INCA", "DISTRITO": "PUERTO INCA", "PREC": 109.3, "NORMAL": 64.7, "ANOMALIA": 68.9, "PORCENTAJE": "60 - 100"}, "geometry": {"type": "Point", "coordinates": [-74.96376, -9.3851]}}, {"id": "190", "type": "Feature", "properties": {"CODIGO": "109038", "ESTACION": "MALVAS", "LATITUD": -9.92723, "LONGITUD": -77.65519, "ALTITUD": 3009.0, "ANIO": "2026", "MES": "08", "DEPARTAMEN": "ANCASH", "PROVINCIA": "HUARMEY", "DISTRITO": "MALVAS", "PREC": 0.0, "NORMAL": 0.1, "ANOMALIA": 0.0, "PORCENTAJE": "-15 - 15"}, "geometry": {"type": "Point", "coordinates": [-77.65519, -9.92723]}}, {"id": "191", "type": "Feature", "properties": {"CODIGO": "109040", "ESTACION": "PARIACOTO", "LATITUD": -9.55239, "LONGITUD": -77.88761, "ALTITUD": 1312.0, "ANIO": "2026", "MES": "08", "DEPARTAMEN": "ANCASH", "PROVINCIA": "HUARAZ", "DISTRITO": "PARIACOTO", "PREC": 0.0, "NORMAL": 0.1, "ANOMALIA": 0.0, "PORCENTAJE": "-15 - 15"}, "geometry": {"type": "Point", "coordinates": [-77.88761, -9.55239]}}, {"id": "192", "type": "Feature", "properties": {"CODIGO": "109045", "ESTACION": "CHACCHAN", "LATITUD": -9.53519, "LONGITUD": -77.77536, "ALTITUD": 2266.0, "ANIO": "2026", "MES": "08", "DEPARTAMEN": "ANCASH", "PROVINCIA": "HUARAZ", "DISTRITO": "PARIACOTO", "PREC": 0.0, "NORMAL": 0.1, "ANOMALIA": 0.0, "PORCENTAJE": "-15 - 15"}, "geometry": {"type": "Point", "coordinates": [-77.77536, -9.53519]}}, {"id": "193", "type": "Feature", "properties": {"CODIGO": "109048", "ESTACION": "PIRA", "LATITUD": -9.58528, "LONGITUD": -77.70719, "ALTITUD": 3720.0, "ANIO": "2026", "MES": "08", "DEPARTAMEN": "ANCASH", "PROVINCIA": "HUARAZ", "DISTRITO": "PIRA", "PREC": 0.0, "NORMAL": 1.3, "ANOMALIA": -100.0, "PORCENTAJE": "-100 - -60"}, "geometry": {"type": "Point", "coordinates": [-77.70719, -9.58528]}}, {"id": "194", "type": "Feature", "properties": {"CODIGO": "109077", "ESTACION": "DOS DE MAYO", "LATITUD": -9.7171, "LONGITUD": -76.77374, "ALTITUD": 3414.0, "ANIO": "2026", "MES": "08", "DEPARTAMEN": "HUANUCO", "PROVINCIA": "DOS DE MAYO", "DISTRITO": "PACHAS", "PREC": 1.8, "NORMAL": 14.2, "ANOMALIA": -87.3, "PORCENTAJE": "-100 - -60"}, "geometry": {"type": "Point", "coordinates": [-76.77374, -9.7171]}}, {"id": "195", "type": "Feature", "properties": {"CODIGO": "110007", "ESTACION": "YANAHUANCA", "LATITUD": -10.4896, "LONGITUD": -76.5129, "ALTITUD": 3137.0, "ANIO": "2026", "MES": "08", "DEPARTAMEN": "PASCO", "PROVINCIA": "DANIEL ALCIDES CARRION", "DISTRITO": "YANAHUANCA", "PREC": 29.9, "NORMAL": 14.1, "ANOMALIA": 112.1, "PORCENTAJE": "100 - 200"}, "geometry": {"type": "Point", "coordinates": [-76.5129, -10.4896]}}, {"id": "196", "type": "Feature", "properties": {"CODIGO": "110016", "ESTACION": "HUARMEY", "LATITUD": -10.06812, "LONGITUD": -78.16232, "ALTITUD": 8.0, "ANIO": "2026", "MES": "08", "DEPARTAMEN": "ANCASH", "PROVINCIA": "HUARMEY", "DISTRITO": "HUARMEY", "PREC": 0.1, "NORMAL": 0.0, "ANOMALIA": 0.0, "PORCENTAJE": "-15 - 15"}, "geometry": {"type": "Point", "coordinates": [-78.16232, -10.06812]}}, {"id": "197", "type": "Feature", "properties": {"CODIGO": "110017", "ESTACION": "CAMAY", "LATITUD": -10.91294, "LONGITUD": -77.6489, "ALTITUD": 59.0, "ANIO": "2026", "MES": "08", "DEPARTAMEN": "LIMA", "PROVINCIA": "HUAURA", "DISTRITO": "VEGUETA", "PREC": 0.02, "NORMAL": 0.1, "ANOMALIA": 0.0, "PORCENTAJE": "-15 - 15"}, "geometry": {"type": "Point", "coordinates": [-77.6489, -10.91294]}}, {"id": "198", "type": "Feature", "properties": {"CODIGO": "110018", "ESTACION": "CHIQUIAN", "LATITUD": -10.14763, "LONGITUD": -77.15949, "ALTITUD": 3414.0, "ANIO": "2026", "MES": "08", "DEPARTAMEN": "ANCASH", "PROVINCIA": "BOLOGNESI", "DISTRITO": "CHIQUIAN", "PREC": 0.0, "NORMAL": 2.0, "ANOMALIA": -100.0, "PORCENTAJE": "-100 - -60"}, "geometry": {"type": "Point", "coordinates": [-77.15949, -10.14763]}}, {"id": "199", "type": "Feature", "properties": {"CODIGO": "110019", "ESTACION": "CAJATAMBO", "LATITUD": -10.47788, "LONGITUD": -76.98971, "ALTITUD": 3432.0, "ANIO": "2026", "MES": "08", "DEPARTAMEN": "LIMA", "PROVINCIA": "CAJATAMBO", "DISTRITO": "CAJATAMBO", "PREC": 1.3, "NORMAL": 1.6, "ANOMALIA": -18.8, "PORCENTAJE": "-30 - -15"}, "geometry": {"type": "Point", "coordinates": [-76.98971, -10.47788]}}, {"id": "200", "type": "Feature", "properties": {"CODIGO": "110021", "ESTACION": "PICOY", "LATITUD": -10.92162, "LONGITUD": -76.73701, "ALTITUD": 3013.0, "ANIO": "2026", "MES": "08", "DEPARTAMEN": "LIMA", "PROVINCIA": "HUAURA", "DISTRITO": "SANTA LEONOR", "PREC": 0.0, "NORMAL": 0.3, "ANOMALIA": 0.0, "PORCENTAJE": "-15 - 15"}, "geometry": {"type": "Point", "coordinates": [-76.73701, -10.92162]}}, {"id": "201", "type": "Feature", "properties": {"CODIGO": "110025", "ESTACION": "SAN RAFAEL", "LATITUD": -10.32926, "LONGITUD": -76.17658, "ALTITUD": 2699.0, "ANIO": "2026", "MES": "08", "DEPARTAMEN": "HUANUCO", "PROVINCIA": "AMBO", "DISTRITO": "SAN RAFAEL", "PREC": 10.52, "NORMAL": 11.5, "ANOMALIA": -8.5, "PORCENTAJE": "-15 - 15"}, "geometry": {"type": "Point", "coordinates": [-76.17658, -10.32926]}}, {"id": "202", "type": "Feature", "properties": {"CODIGO": "110028", "ESTACION": "OXAPAMPA", "LATITUD": -10.5642, "LONGITUD": -75.4184, "ALTITUD": 1801.0, "ANIO": "2026", "MES": "08", "DEPARTAMEN": "PASCO", "PROVINCIA": "OXAPAMPA", "DISTRITO": "CHONTABAMBA", "PREC": 44.0, "NORMAL": 48.5, "ANOMALIA": -9.3, "PORCENTAJE": "-15 - 15"}, "geometry": {"type": "Point", "coordinates": [-75.4184, -10.5642]}}, {"id": "203", "type": "Feature", "properties": {"CODIGO": "110037", "ESTACION": "CERRO DE PASCO", "LATITUD": -10.69341, "LONGITUD": -76.26421, "ALTITUD": 4357.0, "ANIO": "2026", "MES": "08", "DEPARTAMEN": "PASCO", "PROVINCIA": "PASCO", "DISTRITO": "CHAUPIMARCA", "PREC": 19.9, "NORMAL": 17.2, "ANOMALIA": 15.7, "PORCENTAJE": "15 - 30"}, "geometry": {"type": "Point", "coordinates": [-76.26421, -10.69341]}}, {"id": "204", "type": "Feature", "properties": {"CODIGO": "110039", "ESTACION": "CHAMANA", "LATITUD": -10.20739, "LONGITUD": -77.55872, "ALTITUD": 1228.0, "ANIO": "2026", "MES": "08", "DEPARTAMEN": "ANCASH", "PROVINCIA": "RECUAY", "DISTRITO": "LLACLLIN", "PREC": 0.0, "NORMAL": 0.0, "ANOMALIA": 0.0, "PORCENTAJE": "-15 - 15"}, "geometry": {"type": "Point", "coordinates": [-77.55872, -10.20739]}}, {"id": "205", "type": "Feature", "properties": {"CODIGO": "110040", "ESTACION": "MAYORARCA", "LATITUD": -10.15775, "LONGITUD": -77.34889, "ALTITUD": 3335.0, "ANIO": "2026", "MES": "08", "DEPARTAMEN": "ANCASH", "PROVINCIA": "BOLOGNESI", "DISTRITO": "CAJACAY", "PREC": 0.0, "NORMAL": 0.8, "ANOMALIA": 0.0, "PORCENTAJE": "-15 - 15"}, "geometry": {"type": "Point", "coordinates": [-77.34889, -10.15775]}}, {"id": "206", "type": "Feature", "properties": {"CODIGO": "110041", "ESTACION": "GORGOR", "LATITUD": -10.62136, "LONGITUD": -77.04027, "ALTITUD": 3025.0, "ANIO": "2026", "MES": "08", "DEPARTAMEN": "LIMA", "PROVINCIA": "CAJATAMBO", "DISTRITO": "GORGOR", "PREC": 0.0, "NORMAL": 0.3, "ANOMALIA": 0.0, "PORCENTAJE": "-15 - 15"}, "geometry": {"type": "Point", "coordinates": [-77.04027, -10.62136]}}, {"id": "207", "type": "Feature", "properties": {"CODIGO": "110042", "ESTACION": "AMBAR", "LATITUD": -10.75484, "LONGITUD": -77.2668, "ALTITUD": 2076.0, "ANIO": "2026", "MES": "08", "DEPARTAMEN": "LIMA", "PROVINCIA": "HUAURA", "DISTRITO": "AMBAR", "PREC": 0.0, "NORMAL": 0.0, "ANOMALIA": 0.0, "PORCENTAJE": "-15 - 15"}, "geometry": {"type": "Point", "coordinates": [-77.2668, -10.75484]}}, {"id": "208", "type": "Feature", "properties": {"CODIGO": "110051", "ESTACION": "OCROS", "LATITUD": -10.40457, "LONGITUD": -77.40025, "ALTITUD": 3249.0, "ANIO": "2026", "MES": "08", "DEPARTAMEN": "ANCASH", "PROVINCIA": "OCROS", "DISTRITO": "OCROS", "PREC": 1.4, "NORMAL": 0.1, "ANOMALIA": 1300.0, "PORCENTAJE": "> 800"}, "geometry": {"type": "Point", "coordinates": [-77.40025, -10.40457]}}, {"id": "209", "type": "Feature", "properties": {"CODIGO": "110056", "ESTACION": "PACCHO", "LATITUD": -10.95602, "LONGITUD": -76.93473, "ALTITUD": 3208.0, "ANIO": "2026", "MES": "08", "DEPARTAMEN": "LIMA", "PROVINCIA": "HUAURA", "DISTRITO": "PACCHO", "PREC": 0.0, "NORMAL": 0.0, "ANOMALIA": 0.0, "PORCENTAJE": "-15 - 15"}, "geometry": {"type": "Point", "coordinates": [-76.93473, -10.95602]}}, {"id": "210", "type": "Feature", "properties": {"CODIGO": "110057", "ESTACION": "ANDAJES", "LATITUD": -10.78333, "LONGITUD": -76.9, "ALTITUD": 2707.0, "ANIO": "2026", "MES": "08", "DEPARTAMEN": "LIMA", "PROVINCIA": "OYON", "DISTRITO": "ANDAJES", "PREC": 1.4, "NORMAL": 0.4, "ANOMALIA": 250.0, "PORCENTAJE": "200 - 400"}, "geometry": {"type": "Point", "coordinates": [-76.9, -10.78333]}}, {"id": "211", "type": "Feature", "properties": {"CODIGO": "110063", "ESTACION": "PARQUIN", "LATITUD": -10.96665, "LONGITUD": -76.71983, "ALTITUD": 3571.0, "ANIO": "2026", "MES": "08", "DEPARTAMEN": "LIMA", "PROVINCIA": "HUAURA", "DISTRITO": "SANTA LEONOR", "PREC": 10.1, "NORMAL": 0.8, "ANOMALIA": 1162.5, "PORCENTAJE": "> 800"}, "geometry": {"type": "Point", "coordinates": [-76.71983, -10.96665]}}, {"id": "212", "type": "Feature", "properties": {"CODIGO": "110127", "ESTACION": "PACAYZAPA", "LATITUD": -6.2818, "LONGITUD": -76.76171, "ALTITUD": 913.0, "ANIO": "2026", "MES": "08", "DEPARTAMEN": "SAN MARTIN", "PROVINCIA": "LAMAS", "DISTRITO": "TABALOSOS", "PREC": 181.4, "NORMAL": 80.6, "ANOMALIA": 125.1, "PORCENTAJE": "100 - 200"}, "geometry": {"type": "Point", "coordinates": [-76.76171, -6.2818]}}, {"id": "213", "type": "Feature", "properties": {"CODIGO": "110129", "ESTACION": "I\u00c3\u0091APARI", "LATITUD": -10.95589, "LONGITUD": -69.578, "ALTITUD": 244.0, "ANIO": "2026", "MES": "08", "DEPARTAMEN": "MADRE DE DIOS", "PROVINCIA": "TAHUAMANU", "DISTRITO": "I\u00c3\u0091APARI", "PREC": 87.3, "NORMAL": 41.5, "ANOMALIA": 110.4, "PORCENTAJE": "100 - 200"}, "geometry": {"type": "Point", "coordinates": [-69.578, -10.95589]}}, {"id": "214", "type": "Feature", "properties": {"CODIGO": "111004", "ESTACION": "ALCANTARILLA", "LATITUD": -11.06068, "LONGITUD": -77.55011, "ALTITUD": 131.0, "ANIO": "2026", "MES": "08", "DEPARTAMEN": "LIMA", "PROVINCIA": "HUAURA", "DISTRITO": "HUAURA", "PREC": 0.1, "NORMAL": 0.8, "ANOMALIA": 0.0, "PORCENTAJE": "-15 - 15"}, "geometry": {"type": "Point", "coordinates": [-77.55011, -11.06068]}}, {"id": "215", "type": "Feature", "properties": {"CODIGO": "111005", "ESTACION": "JAUJA", "LATITUD": -11.78663, "LONGITUD": -75.48687, "ALTITUD": 3363.0, "ANIO": "2026", "MES": "08", "DEPARTAMEN": "JUNIN", "PROVINCIA": "JAUJA", "DISTRITO": "SAUSA", "PREC": 5.3, "NORMAL": 5.3, "ANOMALIA": 0.0, "PORCENTAJE": "-15 - 15"}, "geometry": {"type": "Point", "coordinates": [-75.48687, -11.78663]}}, {"id": "216", "type": "Feature", "properties": {"CODIGO": "111018", "ESTACION": "LOMAS DE LACHAY", "LATITUD": -11.36014, "LONGITUD": -77.36839, "ALTITUD": 416.0, "ANIO": "2026", "MES": "08", "DEPARTAMEN": "LIMA", "PROVINCIA": "HUAURA", "DISTRITO": "HUACHO", "PREC": 46.1, "NORMAL": 32.5, "ANOMALIA": 41.8, "PORCENTAJE": "30 - 60"}, "geometry": {"type": "Point", "coordinates": [-77.36839, -11.36014]}}, {"id": "217", "type": "Feature", "properties": {"CODIGO": "111022", "ESTACION": "HUAYAN", "LATITUD": -11.45281, "LONGITUD": -77.122, "ALTITUD": 346.0, "ANIO": "2026", "MES": "08", "DEPARTAMEN": "LIMA", "PROVINCIA": "HUARAL", "DISTRITO": "HUARAL", "PREC": 5.2, "NORMAL": 3.9, "ANOMALIA": 33.3, "PORCENTAJE": "30 - 60"}, "geometry": {"type": "Point", "coordinates": [-77.122, -11.45281]}}, {"id": "218", "type": "Feature", "properties": {"CODIGO": "111023", "ESTACION": "\u00c3\u0091A\u00c3\u0091A", "LATITUD": -11.98744, "LONGITUD": -76.84194, "ALTITUD": 543.0, "ANIO": "2026", "MES": "08", "DEPARTAMEN": "LIMA", "PROVINCIA": "LIMA", "DISTRITO": "LURIGANCHO", "PREC": 0.0, "NORMAL": 0.4, "ANOMALIA": 0.0, "PORCENTAJE": "-15 - 15"}, "geometry": {"type": "Point", "coordinates": [-76.84194, -11.98744]}}, {"id": "219", "type": "Feature", "properties": {"CODIGO": "111026", "ESTACION": "CANTA", "LATITUD": -11.47121, "LONGITUD": -76.62569, "ALTITUD": 2818.0, "ANIO": "2026", "MES": "08", "DEPARTAMEN": "LIMA", "PROVINCIA": "CANTA", "DISTRITO": "CANTA", "PREC": 1.7, "NORMAL": 0.9, "ANOMALIA": 88.9, "PORCENTAJE": "60 - 100"}, "geometry": {"type": "Point", "coordinates": [-76.62569, -11.47121]}}, {"id": "220", "type": "Feature", "properties": {"CODIGO": "111027", "ESTACION": "MATUCANA", "LATITUD": -11.83913, "LONGITUD": -76.37792, "ALTITUD": 2417.0, "ANIO": "2026", "MES": "08", "DEPARTAMEN": "LIMA", "PROVINCIA": "HUAROCHIRI", "DISTRITO": "MATUCANA", "PREC": 0.0, "NORMAL": 0.4, "ANOMALIA": 0.0, "PORCENTAJE": "-15 - 15"}, "geometry": {"type": "Point", "coordinates": [-76.37792, -11.83913]}}, {"id": "221", "type": "Feature", "properties": {"CODIGO": "111029", "ESTACION": "TARMA", "LATITUD": -11.3967, "LONGITUD": -75.6899, "ALTITUD": 3025.0, "ANIO": "2026", "MES": "08", "DEPARTAMEN": "JUNIN", "PROVINCIA": "TARMA", "DISTRITO": "TARMA", "PREC": 6.8, "NORMAL": 6.8, "ANOMALIA": 0.0, "PORCENTAJE": "-15 - 15"}, "geometry": {"type": "Point", "coordinates": [-75.6899, -11.3967]}}, {"id": "222", "type": "Feature", "properties": {"CODIGO": "111030", "ESTACION": "HUASAHUASI", "LATITUD": -11.2677, "LONGITUD": -75.6391, "ALTITUD": 2747.0, "ANIO": "2026", "MES": "08", "DEPARTAMEN": "JUNIN", "PROVINCIA": "TARMA", "DISTRITO": "HUASAHUASI", "PREC": 31.1, "NORMAL": 17.6, "ANOMALIA": 76.7, "PORCENTAJE": "60 - 100"}, "geometry": {"type": "Point", "coordinates": [-75.6391, -11.2677]}}, {"id": "223", "type": "Feature", "properties": {"CODIGO": "111057", "ESTACION": "ARAHUAY", "LATITUD": -11.62091, "LONGITUD": -76.67034, "ALTITUD": 2504.0, "ANIO": "2026", "MES": "08", "DEPARTAMEN": "LIMA", "PROVINCIA": "CANTA", "DISTRITO": "ARAHUAY", "PREC": 1.9, "NORMAL": 0.3, "ANOMALIA": 533.3, "PORCENTAJE": "400 - 800"}, "geometry": {"type": "Point", "coordinates": [-76.67034, -11.62091]}}, {"id": "224", "type": "Feature", "properties": {"CODIGO": "111060", "ESTACION": "CHOSICA", "LATITUD": -11.92986, "LONGITUD": -76.68975, "ALTITUD": 867.0, "ANIO": "2026", "MES": "08", "DEPARTAMEN": "LIMA", "PROVINCIA": "LIMA", "DISTRITO": "LURIGANCHO", "PREC": 0.0, "NORMAL": 0.0, "ANOMALIA": 0.0, "PORCENTAJE": "-15 - 15"}, "geometry": {"type": "Point", "coordinates": [-76.68975, -11.92986]}}, {"id": "225", "type": "Feature", "properties": {"CODIGO": "111061", "ESTACION": "RIO BLANCO", "LATITUD": -11.73447, "LONGITUD": -76.25967, "ALTITUD": 3503.0, "ANIO": "2026", "MES": "08", "DEPARTAMEN": "LIMA", "PROVINCIA": "HUAROCHIRI", "DISTRITO": "CHICLA", "PREC": 2.7, "NORMAL": 4.4, "ANOMALIA": -38.6, "PORCENTAJE": "-60 - -30"}, "geometry": {"type": "Point", "coordinates": [-76.25967, -11.73447]}}, {"id": "226", "type": "Feature", "properties": {"CODIGO": "111062", "ESTACION": "SHEQUE", "LATITUD": -11.66095, "LONGITUD": -76.5023, "ALTITUD": 3188.0, "ANIO": "2026", "MES": "08", "DEPARTAMEN": "LIMA", "PROVINCIA": "HUAROCHIRI", "DISTRITO": "CARAMPOMA", "PREC": 1.4, "NORMAL": 2.1, "ANOMALIA": -33.3, "PORCENTAJE": "-60 - -30"}, "geometry": {"type": "Point", "coordinates": [-76.5023, -11.66095]}}, {"id": "227", "type": "Feature", "properties": {"CODIGO": "111070", "ESTACION": "CARHUACAYAN", "LATITUD": -11.20267, "LONGITUD": -76.28505, "ALTITUD": 4127.0, "ANIO": "2026", "MES": "08", "DEPARTAMEN": "JUNIN", "PROVINCIA": "YAULI", "DISTRITO": "SANTA BARBARA DE CARHUACAYAN", "PREC": 12.5, "NORMAL": 14.8, "ANOMALIA": -15.5, "PORCENTAJE": "-30 - -15"}, "geometry": {"type": "Point", "coordinates": [-76.28505, -11.20267]}}, {"id": "228", "type": "Feature", "properties": {"CODIGO": "111076", "ESTACION": "YANTAC", "LATITUD": -11.34583, "LONGITUD": -76.40453, "ALTITUD": 4617.0, "ANIO": "2026", "MES": "08", "DEPARTAMEN": "JUNIN", "PROVINCIA": "YAULI", "DISTRITO": "MARCAPOMACOCHA", "PREC": 3.3, "NORMAL": 24.5, "ANOMALIA": -86.5, "PORCENTAJE": "-100 - -60"}, "geometry": {"type": "Point", "coordinates": [-76.40453, -11.34583]}}, {"id": "229", "type": "Feature", "properties": {"CODIGO": "111077", "ESTACION": "AUTISHA", "LATITUD": -11.73815, "LONGITUD": -76.61103, "ALTITUD": 2220.0, "ANIO": "2026", "MES": "08", "DEPARTAMEN": "LIMA", "PROVINCIA": "HUAROCHIRI", "DISTRITO": "SAN ANTONIO", "PREC": 0.0, "NORMAL": 0.0, "ANOMALIA": 0.0, "PORCENTAJE": "-15 - 15"}, "geometry": {"type": "Point", "coordinates": [-76.61103, -11.73815]}}, {"id": "230", "type": "Feature", "properties": {"CODIGO": "111081", "ESTACION": "SANTA CRUZ", "LATITUD": -11.19827, "LONGITUD": -76.63487, "ALTITUD": 3583.0, "ANIO": "2026", "MES": "08", "DEPARTAMEN": "LIMA", "PROVINCIA": "HUARAL", "DISTRITO": "SANTA CRUZ DE ANDAMARCA", "PREC": 0.0, "NORMAL": 2.5, "ANOMALIA": -100.0, "PORCENTAJE": "-100 - -60"}, "geometry": {"type": "Point", "coordinates": [-76.63487, -11.19827]}}, {"id": "231", "type": "Feature", "properties": {"CODIGO": "111084", "ESTACION": "PACHAMACHAY", "LATITUD": -11.06525, "LONGITUD": -76.9141, "ALTITUD": 3175.0, "ANIO": "2026", "MES": "08", "DEPARTAMEN": "LIMA", "PROVINCIA": "HUAURA", "DISTRITO": "LEONCIO PRADO", "PREC": 0.0, "NORMAL": 0.3, "ANOMALIA": 0.0, "PORCENTAJE": "-15 - 15"}, "geometry": {"type": "Point", "coordinates": [-76.9141, -11.06525]}}, {"id": "232", "type": "Feature", "properties": {"CODIGO": "111085", "ESTACION": "HUAMANTANGA", "LATITUD": -11.50247, "LONGITUD": -76.74675, "ALTITUD": 3364.0, "ANIO": "2026", "MES": "08", "DEPARTAMEN": "LIMA", "PROVINCIA": "CANTA", "DISTRITO": "HUAMANTANGA", "PREC": 0.8, "NORMAL": 0.4, "ANOMALIA": 0.0, "PORCENTAJE": "-15 - 15"}, "geometry": {"type": "Point", "coordinates": [-76.74675, -11.50247]}}, {"id": "233", "type": "Feature", "properties": {"CODIGO": "111086", "ESTACION": "SANTA EULALIA", "LATITUD": -11.92, "LONGITUD": -76.66664, "ALTITUD": 970.0, "ANIO": "2026", "MES": "08", "DEPARTAMEN": "LIMA", "PROVINCIA": "HUAROCHIRI", "DISTRITO": "SANTA EULALIA", "PREC": 0.0, "NORMAL": 0.0, "ANOMALIA": 0.0, "PORCENTAJE": "-15 - 15"}, "geometry": {"type": "Point", "coordinates": [-76.66664, -11.92]}}, {"id": "234", "type": "Feature", "properties": {"CODIGO": "111087", "ESTACION": "PIRCA", "LATITUD": -11.2328, "LONGITUD": -76.65513, "ALTITUD": 3314.0, "ANIO": "2026", "MES": "08", "DEPARTAMEN": "LIMA", "PROVINCIA": "HUARAL", "DISTRITO": "ATAVILLOS ALTO", "PREC": 0.0, "NORMAL": 2.3, "ANOMALIA": -100.0, "PORCENTAJE": "-100 - -60"}, "geometry": {"type": "Point", "coordinates": [-76.65513, -11.2328]}}, {"id": "235", "type": "Feature", "properties": {"CODIGO": "111088", "ESTACION": "LACHAQUI", "LATITUD": -11.554, "LONGITUD": -76.62706, "ALTITUD": 3624.0, "ANIO": "2026", "MES": "08", "DEPARTAMEN": "LIMA", "PROVINCIA": "CANTA", "DISTRITO": "LACHAQUI", "PREC": 4.1, "NORMAL": 0.4, "ANOMALIA": 925.0, "PORCENTAJE": "> 800"}, "geometry": {"type": "Point", "coordinates": [-76.62706, -11.554]}}, {"id": "236", "type": "Feature", "properties": {"CODIGO": "111089", "ESTACION": "HUAROS", "LATITUD": -11.40743, "LONGITUD": -76.5758, "ALTITUD": 3569.0, "ANIO": "2026", "MES": "08", "DEPARTAMEN": "LIMA", "PROVINCIA": "CANTA", "DISTRITO": "HUAROS", "PREC": 1.3, "NORMAL": 2.3, "ANOMALIA": -43.5, "PORCENTAJE": "-60 - -30"}, "geometry": {"type": "Point", "coordinates": [-76.5758, -11.40743]}}, {"id": "237", "type": "Feature", "properties": {"CODIGO": "111091", "ESTACION": "CARAMPOMA", "LATITUD": -11.65503, "LONGITUD": -76.51514, "ALTITUD": 3424.0, "ANIO": "2026", "MES": "08", "DEPARTAMEN": "LIMA", "PROVINCIA": "HUAROCHIRI", "DISTRITO": "CARAMPOMA", "PREC": 0.9, "NORMAL": 0.8, "ANOMALIA": 0.0, "PORCENTAJE": "-15 - 15"}, "geometry": {"type": "Point", "coordinates": [-76.51514, -11.65503]}}, {"id": "238", "type": "Feature", "properties": {"CODIGO": "111092", "ESTACION": "SANTIAGO DE TUNA", "LATITUD": -11.9832, "LONGITUD": -76.5242, "ALTITUD": 2926.0, "ANIO": "2026", "MES": "08", "DEPARTAMEN": "LIMA", "PROVINCIA": "HUAROCHIRI", "DISTRITO": "SANTIAGO DE TUNA", "PREC": 3.5, "NORMAL": 0.1, "ANOMALIA": 3400.0, "PORCENTAJE": "> 800"}, "geometry": {"type": "Point", "coordinates": [-76.5242, -11.9832]}}, {"id": "239", "type": "Feature", "properties": {"CODIGO": "111093", "ESTACION": "SAN JOSE DE PARAC", "LATITUD": -11.80053, "LONGITUD": -76.25811, "ALTITUD": 3829.0, "ANIO": "2026", "MES": "08", "DEPARTAMEN": "LIMA", "PROVINCIA": "HUAROCHIRI", "DISTRITO": "SAN MATEO", "PREC": 1.5, "NORMAL": 4.6, "ANOMALIA": -67.4, "PORCENTAJE": "-100 - -60"}, "geometry": {"type": "Point", "coordinates": [-76.25811, -11.80053]}}, {"id": "240", "type": "Feature", "properties": {"CODIGO": "111095", "ESTACION": "RICRAN", "LATITUD": -11.54, "LONGITUD": -75.5273, "ALTITUD": 3674.0, "ANIO": "2026", "MES": "08", "DEPARTAMEN": "JUNIN", "PROVINCIA": "JAUJA", "DISTRITO": "RICRAN", "PREC": 34.8, "NORMAL": 9.6, "ANOMALIA": 262.5, "PORCENTAJE": "200 - 400"}, "geometry": {"type": "Point", "coordinates": [-75.5273, -11.54]}}, {"id": "241", "type": "Feature", "properties": {"CODIGO": "111097", "ESTACION": "INGENIO", "LATITUD": -11.87521, "LONGITUD": -75.29665, "ALTITUD": 3373.0, "ANIO": "2026", "MES": "08", "DEPARTAMEN": "JUNIN", "PROVINCIA": "CONCEPCION", "DISTRITO": "SANTA ROSA DE OCOPA", "PREC": 2.7, "NORMAL": 6.4, "ANOMALIA": -57.8, "PORCENTAJE": "-60 - -30"}, "geometry": {"type": "Point", "coordinates": [-75.29665, -11.87521]}}, {"id": "242", "type": "Feature", "properties": {"CODIGO": "111099", "ESTACION": "YAULI", "LATITUD": -11.66667, "LONGITUD": -76.08333, "ALTITUD": 4094.0, "ANIO": "2026", "MES": "08", "DEPARTAMEN": "JUNIN", "PROVINCIA": "YAULI", "DISTRITO": "YAULI", "PREC": 24.8, "NORMAL": 23.2, "ANOMALIA": 6.9, "PORCENTAJE": "-15 - 15"}, "geometry": {"type": "Point", "coordinates": [-76.08333, -11.66667]}}, {"id": "243", "type": "Feature", "properties": {"CODIGO": "111114", "ESTACION": "CASAPALCA", "LATITUD": -11.63804, "LONGITUD": -76.23332, "ALTITUD": 4294.0, "ANIO": "2026", "MES": "08", "DEPARTAMEN": "LIMA", "PROVINCIA": "HUAROCHIRI", "DISTRITO": "CHICLA", "PREC": 8.4, "NORMAL": 14.3, "ANOMALIA": -41.3, "PORCENTAJE": "-60 - -30"}, "geometry": {"type": "Point", "coordinates": [-76.23332, -11.63804]}}, {"id": "244", "type": "Feature", "properties": {"CODIGO": "111159", "ESTACION": "OBRAJILLO", "LATITUD": -11.45264, "LONGITUD": -76.62206, "ALTITUD": 2696.0, "ANIO": "2026", "MES": "08", "DEPARTAMEN": "LIMA", "PROVINCIA": "CANTA", "DISTRITO": "SAN BUENAVENTURA", "PREC": 2.2, "NORMAL": 0.6, "ANOMALIA": 266.7, "PORCENTAJE": "200 - 400"}, "geometry": {"type": "Point", "coordinates": [-76.62206, -11.45264]}}, {"id": "245", "type": "Feature", "properties": {"CODIGO": "111175", "ESTACION": "SAN MATEO DE HUANCHOR", "LATITUD": -11.76017, "LONGITUD": -76.301, "ALTITUD": 3155.0, "ANIO": "2026", "MES": "08", "DEPARTAMEN": "LIMA", "PROVINCIA": "HUAROCHIRI", "DISTRITO": "SAN MATEO", "PREC": 1.5, "NORMAL": 5.0, "ANOMALIA": -70.0, "PORCENTAJE": "-100 - -60"}, "geometry": {"type": "Point", "coordinates": [-76.301, -11.76017]}}, {"id": "246", "type": "Feature", "properties": {"CODIGO": "111291", "ESTACION": "SAN MATEO DE OTAO", "LATITUD": -11.847, "LONGITUD": -76.5636, "ALTITUD": 3506.0, "ANIO": "2026", "MES": "08", "DEPARTAMEN": "LIMA", "PROVINCIA": "HUAROCHIRI", "DISTRITO": "SAN MATEO DE OTAO", "PREC": 2.4, "NORMAL": 0.01, "ANOMALIA": 23900.0, "PORCENTAJE": "> 800"}, "geometry": {"type": "Point", "coordinates": [-76.5636, -11.847]}}, {"id": "247", "type": "Feature", "properties": {"CODIGO": "112012", "ESTACION": "PAMPAS", "LATITUD": -12.40203, "LONGITUD": -74.88414, "ALTITUD": 3250.0, "ANIO": "2026", "MES": "08", "DEPARTAMEN": "HUANCAVELICA", "PROVINCIA": "TAYACAJA", "DISTRITO": "AHUAYCHA", "PREC": 13.1, "NORMAL": 15.8, "ANOMALIA": -17.1, "PORCENTAJE": "-30 - -15"}, "geometry": {"type": "Point", "coordinates": [-74.88414, -12.40203]}}, {"id": "248", "type": "Feature", "properties": {"CODIGO": "112037", "ESTACION": "VIQUES", "LATITUD": -12.15603, "LONGITUD": -75.2283, "ALTITUD": 3186.0, "ANIO": "2026", "MES": "08", "DEPARTAMEN": "JUNIN", "PROVINCIA": "HUANCAYO", "DISTRITO": "VIQUES", "PREC": 2.6, "NORMAL": 9.0, "ANOMALIA": -71.1, "PORCENTAJE": "-100 - -60"}, "geometry": {"type": "Point", "coordinates": [-75.2283, -12.15603]}}, {"id": "249", "type": "Feature", "properties": {"CODIGO": "112051", "ESTACION": "ACOSTAMBO", "LATITUD": -12.36079, "LONGITUD": -75.05725, "ALTITUD": 3603.0, "ANIO": "2026", "MES": "08", "DEPARTAMEN": "HUANCAVELICA", "PROVINCIA": "TAYACAJA", "DISTRITO": "ACOSTAMBO", "PREC": 11.3, "NORMAL": 16.4, "ANOMALIA": -31.1, "PORCENTAJE": "-60 - -30"}, "geometry": {"type": "Point", "coordinates": [-75.05725, -12.36079]}}, {"id": "250", "type": "Feature", "properties": {"CODIGO": "112055", "ESTACION": "HUAROCHIRI", "LATITUD": -12.13886, "LONGITUD": -76.23429, "ALTITUD": 3120.0, "ANIO": "2026", "MES": "08", "DEPARTAMEN": "LIMA", "PROVINCIA": "HUAROCHIRI", "DISTRITO": "HUAROCHIRI", "PREC": 0.0, "NORMAL": 0.8, "ANOMALIA": 0.0, "PORCENTAJE": "-15 - 15"}, "geometry": {"type": "Point", "coordinates": [-76.23429, -12.13886]}}, {"id": "251", "type": "Feature", "properties": {"CODIGO": "112056", "ESTACION": "HUAYAO", "LATITUD": -12.0402, "LONGITUD": -75.32049, "ALTITUD": 3321.0, "ANIO": "2026", "MES": "08", "DEPARTAMEN": "JUNIN", "PROVINCIA": "CHUPACA", "DISTRITO": "HUACHAC", "PREC": 2.7, "NORMAL": 12.8, "ANOMALIA": -78.9, "PORCENTAJE": "-100 - -60"}, "geometry": {"type": "Point", "coordinates": [-75.32049, -12.0402]}}, {"id": "252", "type": "Feature", "properties": {"CODIGO": "112057", "ESTACION": "YAUYOS", "LATITUD": -12.49173, "LONGITUD": -75.91039, "ALTITUD": 2285.0, "ANIO": "2026", "MES": "08", "DEPARTAMEN": "LIMA", "PROVINCIA": "YAUYOS", "DISTRITO": "COLONIA", "PREC": 0.0, "NORMAL": 0.1, "ANOMALIA": 0.0, "PORCENTAJE": "-15 - 15"}, "geometry": {"type": "Point", "coordinates": [-75.91039, -12.49173]}}, {"id": "253", "type": "Feature", "properties": {"CODIGO": "112058", "ESTACION": "PACARAN", "LATITUD": -12.86689, "LONGITUD": -76.05793, "ALTITUD": 684.0, "ANIO": "2026", "MES": "08", "DEPARTAMEN": "LIMA", "PROVINCIA": "CA\u00c3\u0091ETE", "DISTRITO": "PACARAN", "PREC": 0.0, "NORMAL": 0.0, "ANOMALIA": 0.0, "PORCENTAJE": "-15 - 15"}, "geometry": {"type": "Point", "coordinates": [-76.05793, -12.86689]}}, {"id": "254", "type": "Feature", "properties": {"CODIGO": "112059", "ESTACION": "LAIVE", "LATITUD": -12.25229, "LONGITUD": -75.36053, "ALTITUD": 3833.0, "ANIO": "2026", "MES": "08", "DEPARTAMEN": "JUNIN", "PROVINCIA": "CHUPACA", "DISTRITO": "YANACANCHA", "PREC": 6.5, "NORMAL": 17.8, "ANOMALIA": -63.5, "PORCENTAJE": "-100 - -60"}, "geometry": {"type": "Point", "coordinates": [-75.36053, -12.25229]}}, {"id": "255", "type": "Feature", "properties": {"CODIGO": "112060", "ESTACION": "PILCHACA", "LATITUD": -12.39939, "LONGITUD": -75.08412, "ALTITUD": 3586.0, "ANIO": "2026", "MES": "08", "DEPARTAMEN": "HUANCAVELICA", "PROVINCIA": "HUANCAVELICA", "DISTRITO": "PILCHACA", "PREC": 10.6, "NORMAL": 17.6, "ANOMALIA": -39.8, "PORCENTAJE": "-60 - -30"}, "geometry": {"type": "Point", "coordinates": [-75.08412, -12.39939]}}, {"id": "256", "type": "Feature", "properties": {"CODIGO": "112061", "ESTACION": "HUANCAVELICA", "LATITUD": -12.7715, "LONGITUD": -75.0124, "ALTITUD": 3717.0, "ANIO": "2026", "MES": "08", "DEPARTAMEN": "HUANCAVELICA", "PROVINCIA": "HUANCAVELICA", "DISTRITO": "ASCENSION", "PREC": 41.5, "NORMAL": 17.2, "ANOMALIA": 141.3, "PORCENTAJE": "100 - 200"}, "geometry": {"type": "Point", "coordinates": [-75.0124, -12.7715]}}, {"id": "257", "type": "Feature", "properties": {"CODIGO": "112065", "ESTACION": "LIRCAY", "LATITUD": -12.9815, "LONGITUD": -74.7181, "ALTITUD": 3303.0, "ANIO": "2026", "MES": "08", "DEPARTAMEN": "HUANCAVELICA", "PROVINCIA": "ANGARAES", "DISTRITO": "LIRCAY", "PREC": 19.3, "NORMAL": 17.0, "ANOMALIA": 13.5, "PORCENTAJE": "-15 - 15"}, "geometry": {"type": "Point", "coordinates": [-74.7181, -12.9815]}}, {"id": "258", "type": "Feature", "properties": {"CODIGO": "112067", "ESTACION": "ACOBAMBA", "LATITUD": -12.84361, "LONGITUD": -74.5616, "ALTITUD": 3399.0, "ANIO": "2026", "MES": "08", "DEPARTAMEN": "HUANCAVELICA", "PROVINCIA": "ACOBAMBA", "DISTRITO": "ACOBAMBA", "PREC": 20.3, "NORMAL": 17.4, "ANOMALIA": 16.7, "PORCENTAJE": "15 - 30"}, "geometry": {"type": "Point", "coordinates": [-74.5616, -12.84361]}}, {"id": "259", "type": "Feature", "properties": {"CODIGO": "112068", "ESTACION": "HUANTA", "LATITUD": -12.9113, "LONGITUD": -74.2832, "ALTITUD": 2485.0, "ANIO": "2026", "MES": "08", "DEPARTAMEN": "AYACUCHO", "PROVINCIA": "HUANTA", "DISTRITO": "LURICOCHA", "PREC": 2.7, "NORMAL": 9.9, "ANOMALIA": -72.7, "PORCENTAJE": "-100 - -60"}, "geometry": {"type": "Point", "coordinates": [-74.2832, -12.9113]}}, {"id": "260", "type": "Feature", "properties": {"CODIGO": "112069", "ESTACION": "WAYLLAPAMPA", "LATITUD": -13.0765, "LONGITUD": -74.21651, "ALTITUD": 2470.0, "ANIO": "2026", "MES": "08", "DEPARTAMEN": "AYACUCHO", "PROVINCIA": "HUAMANGA", "DISTRITO": "PACAYCASA", "PREC": 4.3, "NORMAL": 11.5, "ANOMALIA": -62.6, "PORCENTAJE": "-100 - -60"}, "geometry": {"type": "Point", "coordinates": [-74.21651, -13.0765]}}, {"id": "261", "type": "Feature", "properties": {"CODIGO": "112080", "ESTACION": "HUANCATA", "LATITUD": -12.18618, "LONGITUD": -76.24066, "ALTITUD": 2684.0, "ANIO": "2026", "MES": "08", "DEPARTAMEN": "LIMA", "PROVINCIA": "HUAROCHIRI", "DISTRITO": "SANGALLAYA", "PREC": 0.0, "NORMAL": 0.4, "ANOMALIA": 0.0, "PORCENTAJE": "-15 - 15"}, "geometry": {"type": "Point", "coordinates": [-76.24066, -12.18618]}}, {"id": "262", "type": "Feature", "properties": {"CODIGO": "112081", "ESTACION": "SAN PEDRO DE PILAS", "LATITUD": -12.4548, "LONGITUD": -76.22559, "ALTITUD": 2690.0, "ANIO": "2026", "MES": "08", "DEPARTAMEN": "LIMA", "PROVINCIA": "YAUYOS", "DISTRITO": "SAN PEDRO DE PILAS", "PREC": 0.0, "NORMAL": 0.0, "ANOMALIA": 0.0, "PORCENTAJE": "-15 - 15"}, "geometry": {"type": "Point", "coordinates": [-76.22559, -12.4548]}}, {"id": "263", "type": "Feature", "properties": {"CODIGO": "112083", "ESTACION": "SANTA ANA", "LATITUD": -12.00955, "LONGITUD": -75.22158, "ALTITUD": 3293.0, "ANIO": "2026", "MES": "08", "DEPARTAMEN": "JUNIN", "PROVINCIA": "HUANCAYO", "DISTRITO": "EL TAMBO", "PREC": 1.2, "NORMAL": 11.4, "ANOMALIA": -89.5, "PORCENTAJE": "-100 - -60"}, "geometry": {"type": "Point", "coordinates": [-75.22158, -12.00955]}}, {"id": "264", "type": "Feature", "properties": {"CODIGO": "112126", "ESTACION": "SAN LAZARO DE ESCOMARCA", "LATITUD": -12.18088, "LONGITUD": -76.35207, "ALTITUD": 3758.0, "ANIO": "2026", "MES": "08", "DEPARTAMEN": "LIMA", "PROVINCIA": "HUAROCHIRI", "DISTRITO": "LANGA", "PREC": 0.0, "NORMAL": 0.7, "ANOMALIA": 0.0, "PORCENTAJE": "-15 - 15"}, "geometry": {"type": "Point", "coordinates": [-76.35207, -12.18088]}}, {"id": "265", "type": "Feature", "properties": {"CODIGO": "112127", "ESTACION": "HUA\u00c3\u0091EC", "LATITUD": -12.29359, "LONGITUD": -76.13902, "ALTITUD": 3200.0, "ANIO": "2026", "MES": "08", "DEPARTAMEN": "LIMA", "PROVINCIA": "YAUYOS", "DISTRITO": "HUA\u00c3\u0091EC", "PREC": 0.0, "NORMAL": 0.0, "ANOMALIA": 0.0, "PORCENTAJE": "-15 - 15"}, "geometry": {"type": "Point", "coordinates": [-76.13902, -12.29359]}}, {"id": "266", "type": "Feature", "properties": {"CODIGO": "112128", "ESTACION": "AYAVIRI", "LATITUD": -12.38208, "LONGITUD": -76.13672, "ALTITUD": 3224.0, "ANIO": "2026", "MES": "08", "DEPARTAMEN": "LIMA", "PROVINCIA": "YAUYOS", "DISTRITO": "AYAVIRI", "PREC": 0.0, "NORMAL": 0.2, "ANOMALIA": 0.0, "PORCENTAJE": "-15 - 15"}, "geometry": {"type": "Point", "coordinates": [-76.13672, -12.38208]}}, {"id": "267", "type": "Feature", "properties": {"CODIGO": "112130", "ESTACION": "TANTA", "LATITUD": -12.11667, "LONGITUD": -76.01667, "ALTITUD": 4323.0, "ANIO": "2026", "MES": "08", "DEPARTAMEN": "LIMA", "PROVINCIA": "YAUYOS", "DISTRITO": "TANTA", "PREC": 2.2, "NORMAL": 5.9, "ANOMALIA": -62.7, "PORCENTAJE": "-100 - -60"}, "geometry": {"type": "Point", "coordinates": [-76.01667, -12.11667]}}, {"id": "268", "type": "Feature", "properties": {"CODIGO": "112133", "ESTACION": "CARANIA", "LATITUD": -12.3444, "LONGITUD": -75.87215, "ALTITUD": 3840.0, "ANIO": "2026", "MES": "08", "DEPARTAMEN": "LIMA", "PROVINCIA": "YAUYOS", "DISTRITO": "CARANIA", "PREC": 6.4, "NORMAL": 1.7, "ANOMALIA": 276.5, "PORCENTAJE": "200 - 400"}, "geometry": {"type": "Point", "coordinates": [-75.87215, -12.3444]}}, {"id": "269", "type": "Feature", "properties": {"CODIGO": "112134", "ESTACION": "HUANGASCAR", "LATITUD": -12.89858, "LONGITUD": -75.83365, "ALTITUD": 2500.0, "ANIO": "2026", "MES": "08", "DEPARTAMEN": "LIMA", "PROVINCIA": "YAUYOS", "DISTRITO": "HUANGASCAR", "PREC": 0.0, "NORMAL": 0.0, "ANOMALIA": 0.0, "PORCENTAJE": "-15 - 15"}, "geometry": {"type": "Point", "coordinates": [-75.83365, -12.89858]}}, {"id": "270", "type": "Feature", "properties": {"CODIGO": "112142", "ESTACION": "HUANCALPI", "LATITUD": -12.58029, "LONGITUD": -75.24179, "ALTITUD": 3846.0, "ANIO": "2026", "MES": "08", "DEPARTAMEN": "HUANCAVELICA", "PROVINCIA": "HUANCAVELICA", "DISTRITO": "VILCA", "PREC": 6.5, "NORMAL": 27.3, "ANOMALIA": -76.2, "PORCENTAJE": "-100 - -60"}, "geometry": {"type": "Point", "coordinates": [-75.24179, -12.58029]}}, {"id": "271", "type": "Feature", "properties": {"CODIGO": "112154", "ESTACION": "QUEBRADA YANATILE", "LATITUD": -12.6788, "LONGITUD": -72.2785, "ALTITUD": 1183.0, "ANIO": "2026", "MES": "08", "DEPARTAMEN": "CUSCO", "PROVINCIA": "CALCA", "DISTRITO": "YANATILE", "PREC": 63.2, "NORMAL": 36.0, "ANOMALIA": 75.6, "PORCENTAJE": "60 - 100"}, "geometry": {"type": "Point", "coordinates": [-72.2785, -12.6788]}}, {"id": "272", "type": "Feature", "properties": {"CODIGO": "112163", "ESTACION": "COLCABAMBA", "LATITUD": -12.415, "LONGITUD": -74.6835, "ALTITUD": 3019.0, "ANIO": "2026", "MES": "08", "DEPARTAMEN": "HUANCAVELICA", "PROVINCIA": "TAYACAJA", "DISTRITO": "COLCABAMBA", "PREC": 28.2, "NORMAL": 19.1, "ANOMALIA": 47.6, "PORCENTAJE": "30 - 60"}, "geometry": {"type": "Point", "coordinates": [-74.6835, -12.415]}}, {"id": "273", "type": "Feature", "properties": {"CODIGO": "112171", "ESTACION": "CAMPO DE MARTE", "LATITUD": -12.07053, "LONGITUD": -77.04317, "ALTITUD": 123.0, "ANIO": "2026", "MES": "08", "DEPARTAMEN": "LIMA", "PROVINCIA": "LIMA", "DISTRITO": "JESUS MARIA", "PREC": 1.4, "NORMAL": 2.0, "ANOMALIA": -30.0, "PORCENTAJE": "-60 - -30"}, "geometry": {"type": "Point", "coordinates": [-77.04317, -12.07053]}}, {"id": "274", "type": "Feature", "properties": {"CODIGO": "113009", "ESTACION": "HUANCANO", "LATITUD": -13.60118, "LONGITUD": -75.62102, "ALTITUD": 1005.0, "ANIO": "2026", "MES": "08", "DEPARTAMEN": "ICA", "PROVINCIA": "PISCO", "DISTRITO": "HUANCANO", "PREC": 0.02, "NORMAL": 0.0, "ANOMALIA": 0.0, "PORCENTAJE": "-15 - 15"}, "geometry": {"type": "Point", "coordinates": [-75.62102, -13.60118]}}, {"id": "275", "type": "Feature", "properties": {"CODIGO": "113010", "ESTACION": "HUAMANI", "LATITUD": -13.843, "LONGITUD": -75.60704, "ALTITUD": 794.0, "ANIO": "2026", "MES": "08", "DEPARTAMEN": "ICA", "PROVINCIA": "ICA", "DISTRITO": "SAN JOSE DE LOS MOLINOS", "PREC": 0.41, "NORMAL": 0.0, "ANOMALIA": 0.0, "PORCENTAJE": "-15 - 15"}, "geometry": {"type": "Point", "coordinates": [-75.60704, -13.843]}}, {"id": "276", "type": "Feature", "properties": {"CODIGO": "113021", "ESTACION": "LA QUINUA", "LATITUD": -13.05548, "LONGITUD": -74.14159, "ALTITUD": 3215.0, "ANIO": "2026", "MES": "08", "DEPARTAMEN": "AYACUCHO", "PROVINCIA": "HUAMANGA", "DISTRITO": "QUINUA", "PREC": 8.4, "NORMAL": 13.3, "ANOMALIA": -36.8, "PORCENTAJE": "-60 - -30"}, "geometry": {"type": "Point", "coordinates": [-74.14159, -13.05548]}}, {"id": "277", "type": "Feature", "properties": {"CODIGO": "113022", "ESTACION": "HUANCAPI", "LATITUD": -13.749, "LONGITUD": -74.0681, "ALTITUD": 3117.0, "ANIO": "2026", "MES": "08", "DEPARTAMEN": "AYACUCHO", "PROVINCIA": "VICTOR FAJARDO", "DISTRITO": "HUANCAPI", "PREC": 24.3, "NORMAL": 15.5, "ANOMALIA": 56.8, "PORCENTAJE": "30 - 60"}, "geometry": {"type": "Point", "coordinates": [-74.0681, -13.749]}}, {"id": "278", "type": "Feature", "properties": {"CODIGO": "113025", "ESTACION": "ANDAHUAYLAS", "LATITUD": -13.64863, "LONGITUD": -73.36679, "ALTITUD": 2981.0, "ANIO": "2026", "MES": "08", "DEPARTAMEN": "APURIMAC", "PROVINCIA": "ANDAHUAYLAS", "DISTRITO": "SAN JERONIMO", "PREC": 26.6, "NORMAL": 18.5, "ANOMALIA": 43.8, "PORCENTAJE": "30 - 60"}, "geometry": {"type": "Point", "coordinates": [-73.36679, -13.64863]}}, {"id": "279", "type": "Feature", "properties": {"CODIGO": "113029", "ESTACION": "CURAHUASI", "LATITUD": -13.55253, "LONGITUD": -72.73487, "ALTITUD": 2741.0, "ANIO": "2026", "MES": "08", "DEPARTAMEN": "APURIMAC", "PROVINCIA": "ABANCAY", "DISTRITO": "CURAHUASI", "PREC": 14.4, "NORMAL": 10.7, "ANOMALIA": 34.6, "PORCENTAJE": "30 - 60"}, "geometry": {"type": "Point", "coordinates": [-72.73487, -13.55253]}}, {"id": "280", "type": "Feature", "properties": {"CODIGO": "113031", "ESTACION": "MACHU PICCHU", "LATITUD": -13.16655, "LONGITUD": -72.54585, "ALTITUD": 2399.0, "ANIO": "2026", "MES": "08", "DEPARTAMEN": "CUSCO", "PROVINCIA": "URUBAMBA", "DISTRITO": "MACHUPICCHU", "PREC": 162.4, "NORMAL": 60.6, "ANOMALIA": 168.0, "PORCENTAJE": "100 - 200"}, "geometry": {"type": "Point", "coordinates": [-72.54585, -13.16655]}}, {"id": "281", "type": "Feature", "properties": {"CODIGO": "113034", "ESTACION": "URUBAMBA", "LATITUD": -13.30517, "LONGITUD": -72.12455, "ALTITUD": 2850.0, "ANIO": "2026", "MES": "08", "DEPARTAMEN": "CUSCO", "PROVINCIA": "URUBAMBA", "DISTRITO": "URUBAMBA", "PREC": 26.3, "NORMAL": 7.2, "ANOMALIA": 265.3, "PORCENTAJE": "200 - 400"}, "geometry": {"type": "Point", "coordinates": [-72.12455, -13.30517]}}, {"id": "282", "type": "Feature", "properties": {"CODIGO": "113037", "ESTACION": "PARURO", "LATITUD": -13.76698, "LONGITUD": -71.8447, "ALTITUD": 3070.0, "ANIO": "2026", "MES": "08", "DEPARTAMEN": "CUSCO", "PROVINCIA": "PARURO", "DISTRITO": "PARURO", "PREC": 6.7, "NORMAL": 6.1, "ANOMALIA": 9.8, "PORCENTAJE": "-15 - 15"}, "geometry": {"type": "Point", "coordinates": [-71.8447, -13.76698]}}, {"id": "283", "type": "Feature", "properties": {"CODIGO": "113041", "ESTACION": "CCATCCA", "LATITUD": -13.60988, "LONGITUD": -71.5601, "ALTITUD": 3681.0, "ANIO": "2026", "MES": "08", "DEPARTAMEN": "CUSCO", "PROVINCIA": "QUISPICANCHI", "DISTRITO": "CCATCA", "PREC": 38.5, "NORMAL": 9.5, "ANOMALIA": 305.3, "PORCENTAJE": "200 - 400"}, "geometry": {"type": "Point", "coordinates": [-71.5601, -13.60988]}}, {"id": "284", "type": "Feature", "properties": {"CODIGO": "113058", "ESTACION": "TACAMA", "LATITUD": -13.99978, "LONGITUD": -75.72052, "ALTITUD": 429.0, "ANIO": "2026", "MES": "08", "DEPARTAMEN": "ICA", "PROVINCIA": "ICA", "DISTRITO": "LA TINGUI\u00c3\u0091A", "PREC": 0.17, "NORMAL": 0.2, "ANOMALIA": 0.0, "PORCENTAJE": "-15 - 15"}, "geometry": {"type": "Point", "coordinates": [-75.72052, -13.99978]}}, {"id": "285", "type": "Feature", "properties": {"CODIGO": "113059", "ESTACION": "TAMBOBAMBA", "LATITUD": -13.94492, "LONGITUD": -72.17522, "ALTITUD": 3279.0, "ANIO": "2026", "MES": "08", "DEPARTAMEN": "APURIMAC", "PROVINCIA": "COTABAMBAS", "DISTRITO": "TAMBOBAMBA", "PREC": 9.6, "NORMAL": 9.5, "ANOMALIA": 1.1, "PORCENTAJE": "-15 - 15"}, "geometry": {"type": "Point", "coordinates": [-72.17522, -13.94492]}}, {"id": "286", "type": "Feature", "properties": {"CODIGO": "113061", "ESTACION": "SAN PEDRO DE HUACARPANA", "LATITUD": -13.0479, "LONGITUD": -75.6464, "ALTITUD": 3794.0, "ANIO": "2026", "MES": "08", "DEPARTAMEN": "ICA", "PROVINCIA": "CHINCHA", "DISTRITO": "SAN PEDRO DE HUACARPANA", "PREC": 3.6, "NORMAL": 1.5, "ANOMALIA": 140.0, "PORCENTAJE": "100 - 200"}, "geometry": {"type": "Point", "coordinates": [-75.6464, -13.0479]}}, {"id": "287", "type": "Feature", "properties": {"CODIGO": "113067", "ESTACION": "HUACHOS", "LATITUD": -13.2206, "LONGITUD": -75.53348, "ALTITUD": 2736.0, "ANIO": "2026", "MES": "08", "DEPARTAMEN": "HUANCAVELICA", "PROVINCIA": "CASTROVIRREYNA", "DISTRITO": "HUACHOS", "PREC": 1.6, "NORMAL": 0.6, "ANOMALIA": 166.7, "PORCENTAJE": "100 - 200"}, "geometry": {"type": "Point", "coordinates": [-75.53348, -13.2206]}}, {"id": "288", "type": "Feature", "properties": {"CODIGO": "113081", "ESTACION": "SAN JUAN DE YANAC", "LATITUD": -13.21058, "LONGITUD": -75.78697, "ALTITUD": 2550.0, "ANIO": "2026", "MES": "08", "DEPARTAMEN": "ICA", "PROVINCIA": "CHINCHA", "DISTRITO": "SAN JUAN DE YANAC", "PREC": 0.2, "NORMAL": 0.0, "ANOMALIA": 0.0, "PORCENTAJE": "-15 - 15"}, "geometry": {"type": "Point", "coordinates": [-75.78697, -13.21058]}}, {"id": "289", "type": "Feature", "properties": {"CODIGO": "113082", "ESTACION": "SAN JUAN DE CASTROVIRREYNA", "LATITUD": -13.21198, "LONGITUD": -75.62758, "ALTITUD": 1856.0, "ANIO": "2026", "MES": "08", "DEPARTAMEN": "HUANCAVELICA", "PROVINCIA": "CASTROVIRREYNA", "DISTRITO": "SAN JUAN", "PREC": 2.4, "NORMAL": 0.3, "ANOMALIA": 700.0, "PORCENTAJE": "400 - 800"}, "geometry": {"type": "Point", "coordinates": [-75.62758, -13.21198]}}, {"id": "290", "type": "Feature", "properties": {"CODIGO": "113086", "ESTACION": "CUSICANCHA", "LATITUD": -13.50399, "LONGITUD": -75.29625, "ALTITUD": 3263.0, "ANIO": "2026", "MES": "08", "DEPARTAMEN": "HUANCAVELICA", "PROVINCIA": "HUAYTARA", "DISTRITO": "SAN ANTONIO DE CUSICANCHA", "PREC": 2.2, "NORMAL": 0.3, "ANOMALIA": 633.3, "PORCENTAJE": "400 - 800"}, "geometry": {"type": "Point", "coordinates": [-75.29625, -13.50399]}}, {"id": "291", "type": "Feature", "properties": {"CODIGO": "113087", "ESTACION": "TAMBO", "LATITUD": -13.69163, "LONGITUD": -75.27418, "ALTITUD": 3145.0, "ANIO": "2026", "MES": "08", "DEPARTAMEN": "HUANCAVELICA", "PROVINCIA": "HUAYTARA", "DISTRITO": "TAMBO", "PREC": 3.0, "NORMAL": 0.1, "ANOMALIA": 2900.0, "PORCENTAJE": "> 800"}, "geometry": {"type": "Point", "coordinates": [-75.27418, -13.69163]}}, {"id": "292", "type": "Feature", "properties": {"CODIGO": "113088", "ESTACION": "SANTIAGO DE CHOCORVOS", "LATITUD": -13.83308, "LONGITUD": -75.25083, "ALTITUD": 2700.0, "ANIO": "2026", "MES": "08", "DEPARTAMEN": "HUANCAVELICA", "PROVINCIA": "HUAYTARA", "DISTRITO": "SANTIAGO DE CHOCORVOS", "PREC": 1.61, "NORMAL": 0.5, "ANOMALIA": 222.0, "PORCENTAJE": "200 - 400"}, "geometry": {"type": "Point", "coordinates": [-75.25083, -13.83308]}}, {"id": "293", "type": "Feature", "properties": {"CODIGO": "113091", "ESTACION": "CHOCLOCOCHA", "LATITUD": -13.1588, "LONGITUD": -75.07145, "ALTITUD": 4547.0, "ANIO": "2026", "MES": "08", "DEPARTAMEN": "HUANCAVELICA", "PROVINCIA": "CASTROVIRREYNA", "DISTRITO": "SANTA ANA", "PREC": 13.2, "NORMAL": 23.0, "ANOMALIA": -42.6, "PORCENTAJE": "-60 - -30"}, "geometry": {"type": "Point", "coordinates": [-75.07145, -13.1588]}}, {"id": "294", "type": "Feature", "properties": {"CODIGO": "113100", "ESTACION": "VILCASHUAMAN", "LATITUD": -13.66882, "LONGITUD": -73.95238, "ALTITUD": 3518.0, "ANIO": "2026", "MES": "08", "DEPARTAMEN": "AYACUCHO", "PROVINCIA": "VILCAS HUAMAN", "DISTRITO": "VILCAS HUAMAN", "PREC": 6.9, "NORMAL": 14.0, "ANOMALIA": -50.7, "PORCENTAJE": "-60 - -30"}, "geometry": {"type": "Point", "coordinates": [-73.95238, -13.66882]}}, {"id": "295", "type": "Feature", "properties": {"CODIGO": "113101", "ESTACION": "CHILCAYOC", "LATITUD": -13.883, "LONGITUD": -73.7268, "ALTITUD": 3395.0, "ANIO": "2026", "MES": "08", "DEPARTAMEN": "AYACUCHO", "PROVINCIA": "SUCRE", "DISTRITO": "CHILCAYOC", "PREC": 31.61, "NORMAL": 17.7, "ANOMALIA": 78.6, "PORCENTAJE": "60 - 100"}, "geometry": {"type": "Point", "coordinates": [-73.7268, -13.883]}}, {"id": "296", "type": "Feature", "properties": {"CODIGO": "113116", "ESTACION": "COLQUEPATA", "LATITUD": -13.36313, "LONGITUD": -71.67336, "ALTITUD": 3696.0, "ANIO": "2026", "MES": "08", "DEPARTAMEN": "CUSCO", "PROVINCIA": "PAUCARTAMBO", "DISTRITO": "COLQUEPATA", "PREC": 32.4, "NORMAL": 14.1, "ANOMALIA": 129.8, "PORCENTAJE": "100 - 200"}, "geometry": {"type": "Point", "coordinates": [-71.67336, -13.36313]}}, {"id": "297", "type": "Feature", "properties": {"CODIGO": "113119", "ESTACION": "SAN GABAN", "LATITUD": -13.4609, "LONGITUD": -70.41, "ALTITUD": 666.0, "ANIO": "2026", "MES": "08", "DEPARTAMEN": "PUNO", "PROVINCIA": "CARABAYA", "DISTRITO": "SAN GABAN", "PREC": 588.9, "NORMAL": 322.3, "ANOMALIA": 82.7, "PORCENTAJE": "60 - 100"}, "geometry": {"type": "Point", "coordinates": [-70.41, -13.4609]}}, {"id": "298", "type": "Feature", "properties": {"CODIGO": "113122", "ESTACION": "CAICAY", "LATITUD": -13.59999, "LONGITUD": -71.69581, "ALTITUD": 3117.0, "ANIO": "2026", "MES": "08", "DEPARTAMEN": "CUSCO", "PROVINCIA": "PAUCARTAMBO", "DISTRITO": "CAICAY", "PREC": 15.1, "NORMAL": 6.0, "ANOMALIA": 151.7, "PORCENTAJE": "100 - 200"}, "geometry": {"type": "Point", "coordinates": [-71.69581, -13.59999]}}, {"id": "299", "type": "Feature", "properties": {"CODIGO": "113128", "ESTACION": "CHALLACA", "LATITUD": -13.79047, "LONGITUD": -75.38212, "ALTITUD": 1800.0, "ANIO": "2026", "MES": "08", "DEPARTAMEN": "HUANCAVELICA", "PROVINCIA": "HUAYTARA", "DISTRITO": "SANTIAGO DE CHOCORVOS", "PREC": 0.02, "NORMAL": 0.0, "ANOMALIA": 0.0, "PORCENTAJE": "-15 - 15"}, "geometry": {"type": "Point", "coordinates": [-75.38212, -13.79047]}}, {"id": "300", "type": "Feature", "properties": {"CODIGO": "113138", "ESTACION": "PAMPAS", "LATITUD": -13.43488, "LONGITUD": -73.82427, "ALTITUD": 2021.0, "ANIO": "2026", "MES": "08", "DEPARTAMEN": "APURIMAC", "PROVINCIA": "CHINCHEROS", "DISTRITO": "HUACCANA", "PREC": 10.0, "NORMAL": 8.1, "ANOMALIA": 23.5, "PORCENTAJE": "15 - 30"}, "geometry": {"type": "Point", "coordinates": [-73.82427, -13.43488]}}, {"id": "301", "type": "Feature", "properties": {"CODIGO": "113140", "ESTACION": "SOCSI CA\u00c3\u0091ETE", "LATITUD": -13.03051, "LONGITUD": -76.20027, "ALTITUD": 302.0, "ANIO": "2026", "MES": "08", "DEPARTAMEN": "LIMA", "PROVINCIA": "CA\u00c3\u0091ETE", "DISTRITO": "LUNAHUANA", "PREC": 0.0, "NORMAL": 0.0, "ANOMALIA": 0.0, "PORCENTAJE": "-15 - 15"}, "geometry": {"type": "Point", "coordinates": [-76.20027, -13.03051]}}, {"id": "302", "type": "Feature", "properties": {"CODIGO": "113225", "ESTACION": "GRANJA SAN ANTONIO", "LATITUD": -13.6049, "LONGITUD": -72.8569, "ALTITUD": 2772.0, "ANIO": "2026", "MES": "08", "DEPARTAMEN": "APURIMAC", "PROVINCIA": "ABANCAY", "DISTRITO": "TAMBURCO", "PREC": 43.8, "NORMAL": 26.3, "ANOMALIA": 66.5, "PORCENTAJE": "60 - 100"}, "geometry": {"type": "Point", "coordinates": [-72.8569, -13.6049]}}, {"id": "303", "type": "Feature", "properties": {"CODIGO": "114006", "ESTACION": "RIO GRANDE", "LATITUD": -14.52648, "LONGITUD": -75.21306, "ALTITUD": 325.0, "ANIO": "2026", "MES": "08", "DEPARTAMEN": "ICA", "PROVINCIA": "PALPA", "DISTRITO": "RIO GRANDE", "PREC": 0.03, "NORMAL": 0.1, "ANOMALIA": 0.0, "PORCENTAJE": "-15 - 15"}, "geometry": {"type": "Point", "coordinates": [-75.21306, -14.52648]}}, {"id": "304", "type": "Feature", "properties": {"CODIGO": "114018", "ESTACION": "COPARA", "LATITUD": -14.97501, "LONGITUD": -74.89082, "ALTITUD": 587.0, "ANIO": "2026", "MES": "08", "DEPARTAMEN": "ICA", "PROVINCIA": "NAZCA", "DISTRITO": "VISTA ALEGRE", "PREC": 0.0, "NORMAL": 0.1, "ANOMALIA": 0.0, "PORCENTAJE": "-15 - 15"}, "geometry": {"type": "Point", "coordinates": [-74.89082, -14.97501]}}, {"id": "305", "type": "Feature", "properties": {"CODIGO": "114020", "ESTACION": "OCUCAJE", "LATITUD": -14.37844, "LONGITUD": -75.68208, "ALTITUD": 311.0, "ANIO": "2026", "MES": "08", "DEPARTAMEN": "ICA", "PROVINCIA": "ICA", "DISTRITO": "OCUCAJE", "PREC": 0.1, "NORMAL": 0.1, "ANOMALIA": 0.0, "PORCENTAJE": "-15 - 15"}, "geometry": {"type": "Point", "coordinates": [-75.68208, -14.37844]}}, {"id": "306", "type": "Feature", "properties": {"CODIGO": "114021", "ESTACION": "PALPA", "LATITUD": -14.54939, "LONGITUD": -75.18926, "ALTITUD": 340.0, "ANIO": "2026", "MES": "08", "DEPARTAMEN": "ICA", "PROVINCIA": "PALPA", "DISTRITO": "PALPA", "PREC": 0.0, "NORMAL": 0.1, "ANOMALIA": 0.0, "PORCENTAJE": "-15 - 15"}, "geometry": {"type": "Point", "coordinates": [-75.18926, -14.54939]}}, {"id": "307", "type": "Feature", "properties": {"CODIGO": "114023", "ESTACION": "PUQUIO", "LATITUD": -14.69928, "LONGITUD": -74.1316, "ALTITUD": 3176.0, "ANIO": "2026", "MES": "08", "DEPARTAMEN": "AYACUCHO", "PROVINCIA": "LUCANAS", "DISTRITO": "PUQUIO", "PREC": 7.2, "NORMAL": 3.6, "ANOMALIA": 100.0, "PORCENTAJE": "60 - 100"}, "geometry": {"type": "Point", "coordinates": [-74.1316, -14.69928]}}, {"id": "308", "type": "Feature", "properties": {"CODIGO": "114030", "ESTACION": "SANTO TOMAS", "LATITUD": -14.39878, "LONGITUD": -72.08774, "ALTITUD": 3212.0, "ANIO": "2026", "MES": "08", "DEPARTAMEN": "CUSCO", "PROVINCIA": "CHUMBIVILCAS", "DISTRITO": "SANTO TOMAS", "PREC": 3.1, "NORMAL": 6.7, "ANOMALIA": -53.7, "PORCENTAJE": "-60 - -30"}, "geometry": {"type": "Point", "coordinates": [-72.08774, -14.39878]}}, {"id": "309", "type": "Feature", "properties": {"CODIGO": "114033", "ESTACION": "SICUANI", "LATITUD": -14.23736, "LONGITUD": -71.2367, "ALTITUD": 3534.0, "ANIO": "2026", "MES": "08", "DEPARTAMEN": "CUSCO", "PROVINCIA": "CANCHIS", "DISTRITO": "SICUANI", "PREC": 13.5, "NORMAL": 6.4, "ANOMALIA": 110.9, "PORCENTAJE": "100 - 200"}, "geometry": {"type": "Point", "coordinates": [-71.2367, -14.23736]}}, {"id": "310", "type": "Feature", "properties": {"CODIGO": "114034", "ESTACION": "LLALLY", "LATITUD": -14.95286, "LONGITUD": -70.88052, "ALTITUD": 3985.0, "ANIO": "2026", "MES": "08", "DEPARTAMEN": "PUNO", "PROVINCIA": "MELGAR", "DISTRITO": "LLALLI", "PREC": 3.9, "NORMAL": 7.4, "ANOMALIA": -47.3, "PORCENTAJE": "-60 - -30"}, "geometry": {"type": "Point", "coordinates": [-70.88052, -14.95286]}}, {"id": "311", "type": "Feature", "properties": {"CODIGO": "114035", "ESTACION": "CHUQUIBAMBILLA", "LATITUD": -14.7879, "LONGITUD": -70.7285, "ALTITUD": 3918.0, "ANIO": "2026", "MES": "08", "DEPARTAMEN": "PUNO", "PROVINCIA": "MELGAR", "DISTRITO": "UMACHIRI", "PREC": 8.0, "NORMAL": 9.8, "ANOMALIA": -18.4, "PORCENTAJE": "-30 - -15"}, "geometry": {"type": "Point", "coordinates": [-70.7285, -14.7879]}}, {"id": "312", "type": "Feature", "properties": {"CODIGO": "114038", "ESTACION": "AYAVIRI", "LATITUD": -14.8688, "LONGITUD": -70.5916, "ALTITUD": 3941.0, "ANIO": "2026", "MES": "08", "DEPARTAMEN": "PUNO", "PROVINCIA": "MELGAR", "DISTRITO": "AYAVIRI", "PREC": 3.4, "NORMAL": 7.2, "ANOMALIA": -52.8, "PORCENTAJE": "-60 - -30"}, "geometry": {"type": "Point", "coordinates": [-70.5916, -14.8688]}}, {"id": "313", "type": "Feature", "properties": {"CODIGO": "114039", "ESTACION": "MACUSANI", "LATITUD": -14.06674, "LONGITUD": -70.42205, "ALTITUD": 4363.0, "ANIO": "2026", "MES": "08", "DEPARTAMEN": "PUNO", "PROVINCIA": "CARABAYA", "DISTRITO": "MACUSANI", "PREC": 15.5, "NORMAL": 7.3, "ANOMALIA": 112.3, "PORCENTAJE": "100 - 200"}, "geometry": {"type": "Point", "coordinates": [-70.42205, -14.06674]}}, {"id": "314", "type": "Feature", "properties": {"CODIGO": "114040", "ESTACION": "PROGRESO", "LATITUD": -14.6717, "LONGITUD": -70.3678, "ALTITUD": 3925.0, "ANIO": "2026", "MES": "08", "DEPARTAMEN": "PUNO", "PROVINCIA": "AZANGARO", "DISTRITO": "ASILLO", "PREC": 11.2, "NORMAL": 6.9, "ANOMALIA": 62.3, "PORCENTAJE": "60 - 100"}, "geometry": {"type": "Point", "coordinates": [-70.3678, -14.6717]}}, {"id": "315", "type": "Feature", "properties": {"CODIGO": "114041", "ESTACION": "AZANGARO", "LATITUD": -14.9172, "LONGITUD": -70.19046, "ALTITUD": 3857.0, "ANIO": "2026", "MES": "08", "DEPARTAMEN": "PUNO", "PROVINCIA": "AZANGARO", "DISTRITO": "AZANGARO", "PREC": 5.1, "NORMAL": 9.4, "ANOMALIA": -45.7, "PORCENTAJE": "-60 - -30"}, "geometry": {"type": "Point", "coordinates": [-70.19046, -14.9172]}}, {"id": "316", "type": "Feature", "properties": {"CODIGO": "114042", "ESTACION": "MU\u00c3\u0091ANI", "LATITUD": -14.76694, "LONGITUD": -69.95181, "ALTITUD": 3932.0, "ANIO": "2026", "MES": "08", "DEPARTAMEN": "PUNO", "PROVINCIA": "AZANGARO", "DISTRITO": "MU\u00c3\u0091ANI", "PREC": 4.0, "NORMAL": 8.2, "ANOMALIA": -51.2, "PORCENTAJE": "-60 - -30"}, "geometry": {"type": "Point", "coordinates": [-69.95181, -14.76694]}}, {"id": "317", "type": "Feature", "properties": {"CODIGO": "114044", "ESTACION": "PAUCARAY", "LATITUD": -14.0439, "LONGITUD": -73.6386, "ALTITUD": 3232.0, "ANIO": "2026", "MES": "08", "DEPARTAMEN": "AYACUCHO", "PROVINCIA": "SUCRE", "DISTRITO": "SANTIAGO DE PAUCARAY", "PREC": 20.9, "NORMAL": 17.4, "ANOMALIA": 20.1, "PORCENTAJE": "15 - 30"}, "geometry": {"type": "Point", "coordinates": [-73.6386, -14.0439]}}, {"id": "318", "type": "Feature", "properties": {"CODIGO": "114046", "ESTACION": "POMACANCHI", "LATITUD": -14.02781, "LONGITUD": -71.57258, "ALTITUD": 3690.0, "ANIO": "2026", "MES": "08", "DEPARTAMEN": "CUSCO", "PROVINCIA": "ACOMAYO", "DISTRITO": "POMACANCHI", "PREC": 10.4, "NORMAL": 8.3, "ANOMALIA": 25.3, "PORCENTAJE": "15 - 30"}, "geometry": {"type": "Point", "coordinates": [-71.57258, -14.02781]}}, {"id": "319", "type": "Feature", "properties": {"CODIGO": "114047", "ESTACION": "SANTA ROSA", "LATITUD": -14.6178, "LONGITUD": -70.79278, "ALTITUD": 3957.0, "ANIO": "2026", "MES": "08", "DEPARTAMEN": "PUNO", "PROVINCIA": "MELGAR", "DISTRITO": "SANTA ROSA", "PREC": 6.4, "NORMAL": 7.2, "ANOMALIA": -11.1, "PORCENTAJE": "-15 - 15"}, "geometry": {"type": "Point", "coordinates": [-70.79278, -14.6178]}}, {"id": "320", "type": "Feature", "properties": {"CODIGO": "114055", "ESTACION": "HUAC-HUAS", "LATITUD": -14.1324, "LONGITUD": -74.941, "ALTITUD": 3180.0, "ANIO": "2026", "MES": "08", "DEPARTAMEN": "AYACUCHO", "PROVINCIA": "LUCANAS", "DISTRITO": "HUAC-HUAS", "PREC": 3.21, "NORMAL": 0.2, "ANOMALIA": 1505.0, "PORCENTAJE": "> 800"}, "geometry": {"type": "Point", "coordinates": [-74.941, -14.1324]}}, {"id": "321", "type": "Feature", "properties": {"CODIGO": "114058", "ESTACION": "CRUCERO", "LATITUD": -14.36419, "LONGITUD": -70.02592, "ALTITUD": 4128.0, "ANIO": "2026", "MES": "08", "DEPARTAMEN": "PUNO", "PROVINCIA": "CARABAYA", "DISTRITO": "CRUCERO", "PREC": 4.5, "NORMAL": 6.7, "ANOMALIA": -32.8, "PORCENTAJE": "-60 - -30"}, "geometry": {"type": "Point", "coordinates": [-70.02592, -14.36419]}}, {"id": "322", "type": "Feature", "properties": {"CODIGO": "114065", "ESTACION": "CORDOVA", "LATITUD": -14.04061, "LONGITUD": -75.18698, "ALTITUD": 3199.0, "ANIO": "2026", "MES": "08", "DEPARTAMEN": "HUANCAVELICA", "PROVINCIA": "HUAYTARA", "DISTRITO": "CORDOVA", "PREC": 3.1, "NORMAL": 0.8, "ANOMALIA": 287.5, "PORCENTAJE": "200 - 400"}, "geometry": {"type": "Point", "coordinates": [-75.18698, -14.04061]}}, {"id": "323", "type": "Feature", "properties": {"CODIGO": "114072", "ESTACION": "LUCANAS", "LATITUD": -14.6204, "LONGITUD": -74.2328, "ALTITUD": 3350.0, "ANIO": "2026", "MES": "08", "DEPARTAMEN": "AYACUCHO", "PROVINCIA": "LUCANAS", "DISTRITO": "LUCANAS", "PREC": 2.4, "NORMAL": 8.7, "ANOMALIA": -72.4, "PORCENTAJE": "-100 - -60"}, "geometry": {"type": "Point", "coordinates": [-74.2328, -14.6204]}}, {"id": "324", "type": "Feature", "properties": {"CODIGO": "114093", "ESTACION": "PUTINA", "LATITUD": -14.921, "LONGITUD": -69.8757, "ALTITUD": 3861.0, "ANIO": "2026", "MES": "08", "DEPARTAMEN": "PUNO", "PROVINCIA": "SAN ANTONIO DE PUTINA", "DISTRITO": "PUTINA", "PREC": 3.7, "NORMAL": 9.2, "ANOMALIA": -59.8, "PORCENTAJE": "-60 - -30"}, "geometry": {"type": "Point", "coordinates": [-69.8757, -14.921]}}, {"id": "325", "type": "Feature", "properties": {"CODIGO": "114096", "ESTACION": "CUYO CUYO", "LATITUD": -14.4888, "LONGITUD": -69.55, "ALTITUD": 3619.0, "ANIO": "2026", "MES": "08", "DEPARTAMEN": "PUNO", "PROVINCIA": "SANDIA", "DISTRITO": "CUYOCUYO", "PREC": 65.0, "NORMAL": 21.3, "ANOMALIA": 205.2, "PORCENTAJE": "200 - 400"}, "geometry": {"type": "Point", "coordinates": [-69.55, -14.4888]}}, {"id": "326", "type": "Feature", "properties": {"CODIGO": "114108", "ESTACION": "CURPAHUASI", "LATITUD": -14.0628, "LONGITUD": -72.6669, "ALTITUD": 3535.0, "ANIO": "2026", "MES": "08", "DEPARTAMEN": "APURIMAC", "PROVINCIA": "GRAU", "DISTRITO": "CURPAHUASI", "PREC": 24.3, "NORMAL": 11.8, "ANOMALIA": 105.9, "PORCENTAJE": "100 - 200"}, "geometry": {"type": "Point", "coordinates": [-72.6669, -14.0628]}}, {"id": "327", "type": "Feature", "properties": {"CODIGO": "114117", "ESTACION": "AYMARAES", "LATITUD": -14.29056, "LONGITUD": -73.25168, "ALTITUD": 2964.0, "ANIO": "2026", "MES": "08", "DEPARTAMEN": "APURIMAC", "PROVINCIA": "AYMARAES", "DISTRITO": "CHALHUANCA", "PREC": 3.7, "NORMAL": 13.4, "ANOMALIA": -72.4, "PORCENTAJE": "-100 - -60"}, "geometry": {"type": "Point", "coordinates": [-73.25168, -14.29056]}}, {"id": "328", "type": "Feature", "properties": {"CODIGO": "115015", "ESTACION": "CORACORA", "LATITUD": -15.01194, "LONGITUD": -73.77945, "ALTITUD": 3149.0, "ANIO": "2026", "MES": "08", "DEPARTAMEN": "AYACUCHO", "PROVINCIA": "PARINACOCHAS", "DISTRITO": "CORACORA", "PREC": 7.42, "NORMAL": 1.8, "ANOMALIA": 312.2, "PORCENTAJE": "200 - 400"}, "geometry": {"type": "Point", "coordinates": [-73.77945, -15.01194]}}, {"id": "329", "type": "Feature", "properties": {"CODIGO": "115017", "ESTACION": "PAUZA", "LATITUD": -15.2753, "LONGITUD": -73.3411, "ALTITUD": 2489.0, "ANIO": "2026", "MES": "08", "DEPARTAMEN": "AYACUCHO", "PROVINCIA": "PAUCAR DEL SARA SARA", "DISTRITO": "PAUSA", "PREC": 17.21, "NORMAL": 2.8, "ANOMALIA": 514.6, "PORCENTAJE": "400 - 800"}, "geometry": {"type": "Point", "coordinates": [-73.3411, -15.2753]}}, {"id": "330", "type": "Feature", "properties": {"CODIGO": "115018", "ESTACION": "CARAVELI", "LATITUD": -15.77568, "LONGITUD": -73.36259, "ALTITUD": 1755.0, "ANIO": "2026", "MES": "08", "DEPARTAMEN": "AREQUIPA", "PROVINCIA": "CARAVELI", "DISTRITO": "CARAVELI", "PREC": 0.0, "NORMAL": 0.0, "ANOMALIA": 0.0, "PORCENTAJE": "-15 - 15"}, "geometry": {"type": "Point", "coordinates": [-73.36259, -15.77568]}}, {"id": "331", "type": "Feature", "properties": {"CODIGO": "115019", "ESTACION": "COTAHUASI", "LATITUD": -15.21134, "LONGITUD": -72.89325, "ALTITUD": 2683.0, "ANIO": "2026", "MES": "08", "DEPARTAMEN": "AREQUIPA", "PROVINCIA": "LA UNION", "DISTRITO": "COTAHUASI", "PREC": 0.01, "NORMAL": 1.8, "ANOMALIA": -99.4, "PORCENTAJE": "-100 - -60"}, "geometry": {"type": "Point", "coordinates": [-72.89325, -15.21134]}}, {"id": "332", "type": "Feature", "properties": {"CODIGO": "115020", "ESTACION": "CHUQUIBAMBA", "LATITUD": -15.84602, "LONGITUD": -72.65065, "ALTITUD": 2859.0, "ANIO": "2026", "MES": "08", "DEPARTAMEN": "AREQUIPA", "PROVINCIA": "CONDESUYOS", "DISTRITO": "CHUQUIBAMBA", "PREC": 1.24, "NORMAL": 0.6, "ANOMALIA": 106.7, "PORCENTAJE": "100 - 200"}, "geometry": {"type": "Point", "coordinates": [-72.65065, -15.84602]}}, {"id": "333", "type": "Feature", "properties": {"CODIGO": "115021", "ESTACION": "PAMPACOLCA", "LATITUD": -15.7167, "LONGITUD": -72.5683, "ALTITUD": 2885.0, "ANIO": "2026", "MES": "08", "DEPARTAMEN": "AREQUIPA", "PROVINCIA": "CASTILLA", "DISTRITO": "PAMPACOLCA", "PREC": 1.51, "NORMAL": 0.5, "ANOMALIA": 202.0, "PORCENTAJE": "200 - 400"}, "geometry": {"type": "Point", "coordinates": [-72.5683, -15.7167]}}, {"id": "334", "type": "Feature", "properties": {"CODIGO": "115022", "ESTACION": "CAYLLOMA", "LATITUD": -15.18882, "LONGITUD": -71.77019, "ALTITUD": 4327.0, "ANIO": "2026", "MES": "08", "DEPARTAMEN": "AREQUIPA", "PROVINCIA": "CAYLLOMA", "DISTRITO": "CAYLLOMA", "PREC": 7.2, "NORMAL": 4.1, "ANOMALIA": 75.6, "PORCENTAJE": "60 - 100"}, "geometry": {"type": "Point", "coordinates": [-71.77019, -15.18882]}}, {"id": "335", "type": "Feature", "properties": {"CODIGO": "115024", "ESTACION": "SIBAYO", "LATITUD": -15.4892, "LONGITUD": -71.45696, "ALTITUD": 3816.0, "ANIO": "2026", "MES": "08", "DEPARTAMEN": "AREQUIPA", "PROVINCIA": "CAYLLOMA", "DISTRITO": "SIBAYO", "PREC": 2.4, "NORMAL": 5.9, "ANOMALIA": -59.3, "PORCENTAJE": "-60 - -30"}, "geometry": {"type": "Point", "coordinates": [-71.45696, -15.4892]}}, {"id": "336", "type": "Feature", "properties": {"CODIGO": "115025", "ESTACION": "CHIVAY", "LATITUD": -15.64163, "LONGITUD": -71.60169, "ALTITUD": 3644.0, "ANIO": "2026", "MES": "08", "DEPARTAMEN": "AREQUIPA", "PROVINCIA": "CAYLLOMA", "DISTRITO": "CHIVAY", "PREC": 4.5, "NORMAL": 3.3, "ANOMALIA": 36.4, "PORCENTAJE": "30 - 60"}, "geometry": {"type": "Point", "coordinates": [-71.60169, -15.64163]}}, {"id": "337", "type": "Feature", "properties": {"CODIGO": "115027", "ESTACION": "PAMPAHUTA", "LATITUD": -15.4837, "LONGITUD": -70.676, "ALTITUD": 4311.0, "ANIO": "2026", "MES": "08", "DEPARTAMEN": "PUNO", "PROVINCIA": "LAMPA", "DISTRITO": "PARATIA", "PREC": 2.6, "NORMAL": 7.7, "ANOMALIA": -66.2, "PORCENTAJE": "-100 - -60"}, "geometry": {"type": "Point", "coordinates": [-70.676, -15.4837]}}, {"id": "338", "type": "Feature", "properties": {"CODIGO": "115029", "ESTACION": "IMATA", "LATITUD": -15.84266, "LONGITUD": -71.09062, "ALTITUD": 4475.0, "ANIO": "2026", "MES": "08", "DEPARTAMEN": "AREQUIPA", "PROVINCIA": "CAYLLOMA", "DISTRITO": "SAN ANTONIO DE CHUCA", "PREC": 2.1, "NORMAL": 4.2, "ANOMALIA": -50.0, "PORCENTAJE": "-60 - -30"}, "geometry": {"type": "Point", "coordinates": [-71.09062, -15.84266]}}, {"id": "339", "type": "Feature", "properties": {"CODIGO": "115033", "ESTACION": "CABANILLAS", "LATITUD": -15.63911, "LONGITUD": -70.34661, "ALTITUD": 3885.0, "ANIO": "2026", "MES": "08", "DEPARTAMEN": "PUNO", "PROVINCIA": "SAN ROMAN", "DISTRITO": "CABANILLAS", "PREC": 6.3, "NORMAL": 7.6, "ANOMALIA": -17.1, "PORCENTAJE": "-30 - -15"}, "geometry": {"type": "Point", "coordinates": [-70.34661, -15.63911]}}, {"id": "340", "type": "Feature", "properties": {"CODIGO": "115035", "ESTACION": "ARAPA", "LATITUD": -15.1786, "LONGITUD": -70.109, "ALTITUD": 3837.0, "ANIO": "2026", "MES": "08", "DEPARTAMEN": "PUNO", "PROVINCIA": "AZANGARO", "DISTRITO": "ARAPA", "PREC": 9.2, "NORMAL": 9.5, "ANOMALIA": -3.2, "PORCENTAJE": "-15 - 15"}, "geometry": {"type": "Point", "coordinates": [-70.109, -15.1786]}}, {"id": "341", "type": "Feature", "properties": {"CODIGO": "115037", "ESTACION": "HUANCANE", "LATITUD": -15.20687, "LONGITUD": -69.7583, "ALTITUD": 3842.0, "ANIO": "2026", "MES": "08", "DEPARTAMEN": "PUNO", "PROVINCIA": "HUANCANE", "DISTRITO": "HUANCANE", "PREC": 4.9, "NORMAL": 8.5, "ANOMALIA": -42.4, "PORCENTAJE": "-60 - -30"}, "geometry": {"type": "Point", "coordinates": [-69.7583, -15.20687]}}, {"id": "342", "type": "Feature", "properties": {"CODIGO": "115038", "ESTACION": "HUARAYA MOHO", "LATITUD": -15.3881, "LONGITUD": -69.4842, "ALTITUD": 3836.0, "ANIO": "2026", "MES": "08", "DEPARTAMEN": "PUNO", "PROVINCIA": "MOHO", "DISTRITO": "MOHO", "PREC": 1.6, "NORMAL": 12.2, "ANOMALIA": -86.9, "PORCENTAJE": "-100 - -60"}, "geometry": {"type": "Point", "coordinates": [-69.4842, -15.3881]}}, {"id": "343", "type": "Feature", "properties": {"CODIGO": "115041", "ESTACION": "CABANACONDE", "LATITUD": -15.6226, "LONGITUD": -71.97409, "ALTITUD": 3333.0, "ANIO": "2026", "MES": "08", "DEPARTAMEN": "AREQUIPA", "PROVINCIA": "CAYLLOMA", "DISTRITO": "CABANACONDE", "PREC": 5.82, "NORMAL": 2.8, "ANOMALIA": 107.9, "PORCENTAJE": "100 - 200"}, "geometry": {"type": "Point", "coordinates": [-71.97409, -15.6226]}}, {"id": "344", "type": "Feature", "properties": {"CODIGO": "115043", "ESTACION": "SALAMANCA", "LATITUD": -15.50294, "LONGITUD": -72.83202, "ALTITUD": 3203.0, "ANIO": "2026", "MES": "08", "DEPARTAMEN": "AREQUIPA", "PROVINCIA": "CONDESUYOS", "DISTRITO": "SALAMANCA", "PREC": 5.0, "NORMAL": 2.2, "ANOMALIA": 127.3, "PORCENTAJE": "100 - 200"}, "geometry": {"type": "Point", "coordinates": [-72.83202, -15.50294]}}, {"id": "345", "type": "Feature", "properties": {"CODIGO": "115044", "ESTACION": "CRUCERO ALTO", "LATITUD": -15.7643, "LONGITUD": -70.9113, "ALTITUD": 4521.0, "ANIO": "2026", "MES": "08", "DEPARTAMEN": "PUNO", "PROVINCIA": "LAMPA", "DISTRITO": "SANTA LUCIA", "PREC": 1.2, "NORMAL": 4.6, "ANOMALIA": -73.9, "PORCENTAJE": "-100 - -60"}, "geometry": {"type": "Point", "coordinates": [-70.9113, -15.7643]}}, {"id": "346", "type": "Feature", "properties": {"CODIGO": "115046", "ESTACION": "PUCARA", "LATITUD": -15.04567, "LONGITUD": -70.36663, "ALTITUD": 3877.0, "ANIO": "2026", "MES": "08", "DEPARTAMEN": "PUNO", "PROVINCIA": "LAMPA", "DISTRITO": "PUCARA", "PREC": 0.2, "NORMAL": 9.1, "ANOMALIA": -97.8, "PORCENTAJE": "-100 - -60"}, "geometry": {"type": "Point", "coordinates": [-70.36663, -15.04567]}}, {"id": "347", "type": "Feature", "properties": {"CODIGO": "115047", "ESTACION": "TARACO", "LATITUD": -15.31167, "LONGITUD": -69.97247, "ALTITUD": 3828.0, "ANIO": "2026", "MES": "08", "DEPARTAMEN": "PUNO", "PROVINCIA": "HUANCANE", "DISTRITO": "TARACO", "PREC": 1.2, "NORMAL": 6.3, "ANOMALIA": -81.0, "PORCENTAJE": "-100 - -60"}, "geometry": {"type": "Point", "coordinates": [-69.97247, -15.31167]}}, {"id": "348", "type": "Feature", "properties": {"CODIGO": "115049", "ESTACION": "ISLA TAQUILE", "LATITUD": -15.77019, "LONGITUD": -69.69107, "ALTITUD": 3837.0, "ANIO": "2026", "MES": "08", "DEPARTAMEN": "PUNO", "PROVINCIA": "PUNO", "DISTRITO": "AMANTANI", "PREC": 3.3, "NORMAL": 14.1, "ANOMALIA": -76.6, "PORCENTAJE": "-100 - -60"}, "geometry": {"type": "Point", "coordinates": [-69.69107, -15.77019]}}, {"id": "349", "type": "Feature", "properties": {"CODIGO": "115051", "ESTACION": "MA\u00c3\u0091AZO", "LATITUD": -15.79944, "LONGITUD": -70.33949, "ALTITUD": 3931.0, "ANIO": "2026", "MES": "08", "DEPARTAMEN": "PUNO", "PROVINCIA": "PUNO", "DISTRITO": "MA\u00c3\u0091AZO", "PREC": 3.5, "NORMAL": 5.7, "ANOMALIA": -38.6, "PORCENTAJE": "-60 - -30"}, "geometry": {"type": "Point", "coordinates": [-70.33949, -15.79944]}}, {"id": "350", "type": "Feature", "properties": {"CODIGO": "115052", "ESTACION": "RINCON DE LA CRUZ", "LATITUD": -15.99017, "LONGITUD": -69.80961, "ALTITUD": 3887.0, "ANIO": "2026", "MES": "08", "DEPARTAMEN": "PUNO", "PROVINCIA": "PUNO", "DISTRITO": "ACORA", "PREC": 11.4, "NORMAL": 12.7, "ANOMALIA": -10.2, "PORCENTAJE": "-15 - 15"}, "geometry": {"type": "Point", "coordinates": [-69.80961, -15.99017]}}, {"id": "351", "type": "Feature", "properties": {"CODIGO": "115053", "ESTACION": "COJATA", "LATITUD": -15.0118, "LONGITUD": -69.3612, "ALTITUD": 4347.0, "ANIO": "2026", "MES": "08", "DEPARTAMEN": "PUNO", "PROVINCIA": "HUANCANE", "DISTRITO": "COJATA", "PREC": 5.4, "NORMAL": 15.7, "ANOMALIA": -65.6, "PORCENTAJE": "-100 - -60"}, "geometry": {"type": "Point", "coordinates": [-69.3612, -15.0118]}}, {"id": "352", "type": "Feature", "properties": {"CODIGO": "115076", "ESTACION": "LAMPA", "LATITUD": -15.18468, "LONGITUD": -73.34786, "ALTITUD": 2797.0, "ANIO": "2026", "MES": "08", "DEPARTAMEN": "AYACUCHO", "PROVINCIA": "PAUCAR DEL SARA SARA", "DISTRITO": "LAMPA", "PREC": 5.0, "NORMAL": 0.01, "ANOMALIA": 49900.0, "PORCENTAJE": "> 800"}, "geometry": {"type": "Point", "coordinates": [-73.34786, -15.18468]}}, {"id": "353", "type": "Feature", "properties": {"CODIGO": "115078", "ESTACION": "CHICHAS", "LATITUD": -15.54811, "LONGITUD": -72.91831, "ALTITUD": 2161.0, "ANIO": "2026", "MES": "08", "DEPARTAMEN": "AREQUIPA", "PROVINCIA": "CONDESUYOS", "DISTRITO": "CHICHAS", "PREC": 3.3, "NORMAL": 1.1, "ANOMALIA": 200.0, "PORCENTAJE": "100 - 200"}, "geometry": {"type": "Point", "coordinates": [-72.91831, -15.54811]}}, {"id": "354", "type": "Feature", "properties": {"CODIGO": "115082", "ESTACION": "PUYCA", "LATITUD": -15.06055, "LONGITUD": -72.69262, "ALTITUD": 3661.0, "ANIO": "2026", "MES": "08", "DEPARTAMEN": "AREQUIPA", "PROVINCIA": "LA UNION", "DISTRITO": "PUYCA", "PREC": 6.4, "NORMAL": 5.5, "ANOMALIA": 16.4, "PORCENTAJE": "15 - 30"}, "geometry": {"type": "Point", "coordinates": [-72.69262, -15.06055]}}, {"id": "355", "type": "Feature", "properties": {"CODIGO": "115084", "ESTACION": "PULLHUAY (AYAHUASI)", "LATITUD": -15.1459, "LONGITUD": -72.7439, "ALTITUD": 3394.0, "ANIO": "2026", "MES": "08", "DEPARTAMEN": "AREQUIPA", "PROVINCIA": "LA UNION", "DISTRITO": "ALCA", "PREC": 2.81, "NORMAL": 7.0, "ANOMALIA": -59.9, "PORCENTAJE": "-60 - -30"}, "geometry": {"type": "Point", "coordinates": [-72.7439, -15.1459]}}, {"id": "356", "type": "Feature", "properties": {"CODIGO": "115085", "ESTACION": "ANDAGUA", "LATITUD": -15.5009, "LONGITUD": -72.3551, "ALTITUD": 3562.0, "ANIO": "2026", "MES": "08", "DEPARTAMEN": "AREQUIPA", "PROVINCIA": "CASTILLA", "DISTRITO": "ANDAGUA", "PREC": 1.93, "NORMAL": 2.7, "ANOMALIA": -28.5, "PORCENTAJE": "-30 - -15"}, "geometry": {"type": "Point", "coordinates": [-72.3551, -15.5009]}}, {"id": "357", "type": "Feature", "properties": {"CODIGO": "115086", "ESTACION": "ORCOPAMPA", "LATITUD": -15.2639, "LONGITUD": -72.341, "ALTITUD": 3812.0, "ANIO": "2026", "MES": "08", "DEPARTAMEN": "AREQUIPA", "PROVINCIA": "CASTILLA", "DISTRITO": "ORCOPAMPA", "PREC": 2.84, "NORMAL": 2.8, "ANOMALIA": 1.4, "PORCENTAJE": "-15 - 15"}, "geometry": {"type": "Point", "coordinates": [-72.341, -15.2639]}}, {"id": "358", "type": "Feature", "properties": {"CODIGO": "115087", "ESTACION": "CHACHAS", "LATITUD": -15.5025, "LONGITUD": -72.2686, "ALTITUD": 3065.0, "ANIO": "2026", "MES": "08", "DEPARTAMEN": "AREQUIPA", "PROVINCIA": "CASTILLA", "DISTRITO": "CHACHAS", "PREC": 4.71, "NORMAL": 2.9, "ANOMALIA": 62.4, "PORCENTAJE": "60 - 100"}, "geometry": {"type": "Point", "coordinates": [-72.2686, -15.5025]}}, {"id": "359", "type": "Feature", "properties": {"CODIGO": "115088", "ESTACION": "AYO", "LATITUD": -15.6833, "LONGITUD": -72.2704, "ALTITUD": 1947.0, "ANIO": "2026", "MES": "08", "DEPARTAMEN": "AREQUIPA", "PROVINCIA": "CASTILLA", "DISTRITO": "AYO", "PREC": 0.0, "NORMAL": 0.0, "ANOMALIA": 0.0, "PORCENTAJE": "-15 - 15"}, "geometry": {"type": "Point", "coordinates": [-72.2704, -15.6833]}}, {"id": "360", "type": "Feature", "properties": {"CODIGO": "115089", "ESTACION": "CHOCO", "LATITUD": -15.5771, "LONGITUD": -72.1296, "ALTITUD": 2432.0, "ANIO": "2026", "MES": "08", "DEPARTAMEN": "AREQUIPA", "PROVINCIA": "CASTILLA", "DISTRITO": "CHOCO", "PREC": 5.91, "NORMAL": 1.7, "ANOMALIA": 247.6, "PORCENTAJE": "200 - 400"}, "geometry": {"type": "Point", "coordinates": [-72.1296, -15.5771]}}, {"id": "361", "type": "Feature", "properties": {"CODIGO": "115090", "ESTACION": "HUAMBO", "LATITUD": -15.73201, "LONGITUD": -72.10693, "ALTITUD": 3312.0, "ANIO": "2026", "MES": "08", "DEPARTAMEN": "AREQUIPA", "PROVINCIA": "CAYLLOMA", "DISTRITO": "HUAMBO", "PREC": 3.1, "NORMAL": 1.7, "ANOMALIA": 82.4, "PORCENTAJE": "60 - 100"}, "geometry": {"type": "Point", "coordinates": [-72.10693, -15.73201]}}, {"id": "362", "type": "Feature", "properties": {"CODIGO": "115092", "ESTACION": "MADRIGAL", "LATITUD": -15.60999, "LONGITUD": -71.80654, "ALTITUD": 3276.0, "ANIO": "2026", "MES": "08", "DEPARTAMEN": "AREQUIPA", "PROVINCIA": "CAYLLOMA", "DISTRITO": "MADRIGAL", "PREC": 1.71, "NORMAL": 2.2, "ANOMALIA": -22.3, "PORCENTAJE": "-30 - -15"}, "geometry": {"type": "Point", "coordinates": [-71.80654, -15.60999]}}, {"id": "363", "type": "Feature", "properties": {"CODIGO": "115098", "ESTACION": "TISCO", "LATITUD": -15.34577, "LONGITUD": -71.44702, "ALTITUD": 4195.0, "ANIO": "2026", "MES": "08", "DEPARTAMEN": "AREQUIPA", "PROVINCIA": "CAYLLOMA", "DISTRITO": "TISCO", "PREC": 3.11, "NORMAL": 7.9, "ANOMALIA": -60.6, "PORCENTAJE": "-100 - -60"}, "geometry": {"type": "Point", "coordinates": [-71.44702, -15.34577]}}, {"id": "364", "type": "Feature", "properties": {"CODIGO": "115101", "ESTACION": "PORPERA", "LATITUD": -15.3142, "LONGITUD": -71.3064, "ALTITUD": 4396.0, "ANIO": "2026", "MES": "08", "DEPARTAMEN": "AREQUIPA", "PROVINCIA": "CAYLLOMA", "DISTRITO": "TISCO", "PREC": 3.8, "NORMAL": 6.1, "ANOMALIA": -37.7, "PORCENTAJE": "-60 - -30"}, "geometry": {"type": "Point", "coordinates": [-71.3064, -15.3142]}}, {"id": "365", "type": "Feature", "properties": {"CODIGO": "115126", "ESTACION": "PILLONES", "LATITUD": -15.98124, "LONGITUD": -71.2167, "ALTITUD": 4432.0, "ANIO": "2026", "MES": "08", "DEPARTAMEN": "AREQUIPA", "PROVINCIA": "CAYLLOMA", "DISTRITO": "SAN ANTONIO DE CHUCA", "PREC": 3.0, "NORMAL": 3.3, "ANOMALIA": -9.1, "PORCENTAJE": "-15 - 15"}, "geometry": {"type": "Point", "coordinates": [-71.2167, -15.98124]}}, {"id": "366", "type": "Feature", "properties": {"CODIGO": "115128", "ESTACION": "YANAQUIHUA", "LATITUD": -15.77649, "LONGITUD": -72.87584, "ALTITUD": 3007.0, "ANIO": "2026", "MES": "08", "DEPARTAMEN": "AREQUIPA", "PROVINCIA": "CONDESUYOS", "DISTRITO": "YANAQUIHUA", "PREC": 4.81, "NORMAL": 0.9, "ANOMALIA": 434.4, "PORCENTAJE": "400 - 800"}, "geometry": {"type": "Point", "coordinates": [-72.87584, -15.77649]}}, {"id": "367", "type": "Feature", "properties": {"CODIGO": "115129", "ESTACION": "MACHAHUAY", "LATITUD": -15.65321, "LONGITUD": -72.50322, "ALTITUD": 3093.0, "ANIO": "2026", "MES": "08", "DEPARTAMEN": "AREQUIPA", "PROVINCIA": "CASTILLA", "DISTRITO": "MACHAGUAY", "PREC": 1.64, "NORMAL": 1.9, "ANOMALIA": -13.7, "PORCENTAJE": "-15 - 15"}, "geometry": {"type": "Point", "coordinates": [-72.50322, -15.65321]}}, {"id": "368", "type": "Feature", "properties": {"CODIGO": "115138", "ESTACION": "JULIACA", "LATITUD": -15.4441, "LONGITUD": -70.2078, "ALTITUD": 3838.0, "ANIO": "2026", "MES": "08", "DEPARTAMEN": "PUNO", "PROVINCIA": "SAN ROMAN", "DISTRITO": "JULIACA", "PREC": 1.6, "NORMAL": 5.2, "ANOMALIA": -69.2, "PORCENTAJE": "-100 - -60"}, "geometry": {"type": "Point", "coordinates": [-70.2078, -15.4441]}}, {"id": "369", "type": "Feature", "properties": {"CODIGO": "115140", "ESTACION": "SANTA LUCIA", "LATITUD": -15.6941, "LONGITUD": -70.5993, "ALTITUD": 4045.0, "ANIO": "2026", "MES": "08", "DEPARTAMEN": "PUNO", "PROVINCIA": "LAMPA", "DISTRITO": "SANTA LUCIA", "PREC": 0.1, "NORMAL": 4.0, "ANOMALIA": -97.5, "PORCENTAJE": "-100 - -60"}, "geometry": {"type": "Point", "coordinates": [-70.5993, -15.6941]}}, {"id": "370", "type": "Feature", "properties": {"CODIGO": "116003", "ESTACION": "HUASACACHE", "LATITUD": -16.45774, "LONGITUD": -71.56635, "ALTITUD": 2200.0, "ANIO": "2026", "MES": "08", "DEPARTAMEN": "AREQUIPA", "PROVINCIA": "AREQUIPA", "DISTRITO": "JACOBO HUNTER", "PREC": 0.82, "NORMAL": 0.4, "ANOMALIA": 0.0, "PORCENTAJE": "-15 - 15"}, "geometry": {"type": "Point", "coordinates": [-71.56635, -16.45774]}}, {"id": "371", "type": "Feature", "properties": {"CODIGO": "116005", "ESTACION": "LA JOYA", "LATITUD": -16.58359, "LONGITUD": -71.92464, "ALTITUD": 1278.0, "ANIO": "2026", "MES": "08", "DEPARTAMEN": "AREQUIPA", "PROVINCIA": "AREQUIPA", "DISTRITO": "VITOR", "PREC": 14.4, "NORMAL": 0.1, "ANOMALIA": 14300.0, "PORCENTAJE": "> 800"}, "geometry": {"type": "Point", "coordinates": [-71.92464, -16.58359]}}, {"id": "372", "type": "Feature", "properties": {"CODIGO": "116006", "ESTACION": "PAMPA DE MAJES", "LATITUD": -16.3357, "LONGITUD": -72.1525, "ALTITUD": 1503.0, "ANIO": "2026", "MES": "08", "DEPARTAMEN": "AREQUIPA", "PROVINCIA": "CAYLLOMA", "DISTRITO": "MAJES", "PREC": 7.1, "NORMAL": 0.1, "ANOMALIA": 7000.0, "PORCENTAJE": "> 800"}, "geometry": {"type": "Point", "coordinates": [-72.1525, -16.3357]}}, {"id": "373", "type": "Feature", "properties": {"CODIGO": "116009", "ESTACION": "ISLA SUANA", "LATITUD": -16.3299, "LONGITUD": -68.85034, "ALTITUD": 3840.0, "ANIO": "2026", "MES": "08", "DEPARTAMEN": "PUNO", "PROVINCIA": "YUNGUYO", "DISTRITO": "ANAPIA", "PREC": 22.4, "NORMAL": 18.3, "ANOMALIA": 22.4, "PORCENTAJE": "15 - 30"}, "geometry": {"type": "Point", "coordinates": [-68.85034, -16.3299]}}, {"id": "374", "type": "Feature", "properties": {"CODIGO": "116011", "ESTACION": "PUNTA ATICO", "LATITUD": -16.2317, "LONGITUD": -73.6964, "ALTITUD": 30.0, "ANIO": "2026", "MES": "08", "DEPARTAMEN": "AREQUIPA", "PROVINCIA": "CARAVELI", "DISTRITO": "ATICO", "PREC": 8.78, "NORMAL": 0.7, "ANOMALIA": 1154.3, "PORCENTAJE": "> 800"}, "geometry": {"type": "Point", "coordinates": [-73.6964, -16.2317]}}, {"id": "375", "type": "Feature", "properties": {"CODIGO": "116013", "ESTACION": "CAMANA", "LATITUD": -16.64395, "LONGITUD": -72.70432, "ALTITUD": 10.0, "ANIO": "2026", "MES": "08", "DEPARTAMEN": "AREQUIPA", "PROVINCIA": "CAMANA", "DISTRITO": "SAMUEL PASTOR", "PREC": 4.97, "NORMAL": 1.0, "ANOMALIA": 397.0, "PORCENTAJE": "200 - 400"}, "geometry": {"type": "Point", "coordinates": [-72.70432, -16.64395]}}, {"id": "376", "type": "Feature", "properties": {"CODIGO": "116014", "ESTACION": "APLAO", "LATITUD": -16.07288, "LONGITUD": -72.49226, "ALTITUD": 618.0, "ANIO": "2026", "MES": "08", "DEPARTAMEN": "AREQUIPA", "PROVINCIA": "CASTILLA", "DISTRITO": "APLAO", "PREC": 0.01, "NORMAL": 0.0, "ANOMALIA": 0.0, "PORCENTAJE": "-15 - 15"}, "geometry": {"type": "Point", "coordinates": [-72.49226, -16.07288]}}, {"id": "377", "type": "Feature", "properties": {"CODIGO": "116017", "ESTACION": "LA PAMPILLA", "LATITUD": -16.4138, "LONGITUD": -71.53453, "ALTITUD": 2326.0, "ANIO": "2026", "MES": "08", "DEPARTAMEN": "AREQUIPA", "PROVINCIA": "AREQUIPA", "DISTRITO": "AREQUIPA", "PREC": 0.81, "NORMAL": 0.6, "ANOMALIA": 0.0, "PORCENTAJE": "-15 - 15"}, "geometry": {"type": "Point", "coordinates": [-71.53453, -16.4138]}}, {"id": "378", "type": "Feature", "properties": {"CODIGO": "116020", "ESTACION": "CHIGUATA", "LATITUD": -16.40644, "LONGITUD": -71.40913, "ALTITUD": 2902.0, "ANIO": "2026", "MES": "08", "DEPARTAMEN": "AREQUIPA", "PROVINCIA": "AREQUIPA", "DISTRITO": "CHIGUATA", "PREC": 1.01, "NORMAL": 0.9, "ANOMALIA": 12.2, "PORCENTAJE": "-15 - 15"}, "geometry": {"type": "Point", "coordinates": [-71.40913, -16.40644]}}, {"id": "379", "type": "Feature", "properties": {"CODIGO": "116021", "ESTACION": "PUQUINA", "LATITUD": -16.62978, "LONGITUD": -71.18476, "ALTITUD": 3109.0, "ANIO": "2026", "MES": "08", "DEPARTAMEN": "MOQUEGUA", "PROVINCIA": "GENERAL SANCHEZ CERRO", "DISTRITO": "PUQUINA", "PREC": 3.1, "NORMAL": 0.1, "ANOMALIA": 3000.0, "PORCENTAJE": "> 800"}, "geometry": {"type": "Point", "coordinates": [-71.18476, -16.62978]}}, {"id": "380", "type": "Feature", "properties": {"CODIGO": "116023", "ESTACION": "OMATE", "LATITUD": -16.67531, "LONGITUD": -70.97925, "ALTITUD": 2130.0, "ANIO": "2026", "MES": "08", "DEPARTAMEN": "MOQUEGUA", "PROVINCIA": "GENERAL SANCHEZ CERRO", "DISTRITO": "OMATE", "PREC": 4.2, "NORMAL": 1.0, "ANOMALIA": 320.0, "PORCENTAJE": "200 - 400"}, "geometry": {"type": "Point", "coordinates": [-70.97925, -16.67531]}}, {"id": "381", "type": "Feature", "properties": {"CODIGO": "116025", "ESTACION": "CARUMAS", "LATITUD": -16.8115, "LONGITUD": -70.6954, "ALTITUD": 3055.0, "ANIO": "2026", "MES": "08", "DEPARTAMEN": "MOQUEGUA", "PROVINCIA": "MARISCAL NIETO", "DISTRITO": "CARUMAS", "PREC": 7.61, "NORMAL": 1.6, "ANOMALIA": 375.6, "PORCENTAJE": "200 - 400"}, "geometry": {"type": "Point", "coordinates": [-70.6954, -16.8115]}}, {"id": "382", "type": "Feature", "properties": {"CODIGO": "116026", "ESTACION": "MAZO CRUZ", "LATITUD": -16.73888, "LONGITUD": -69.71544, "ALTITUD": 3980.0, "ANIO": "2026", "MES": "08", "DEPARTAMEN": "PUNO", "PROVINCIA": "EL COLLAO", "DISTRITO": "SANTA ROSA", "PREC": 8.4, "NORMAL": 7.6, "ANOMALIA": 10.5, "PORCENTAJE": "-15 - 15"}, "geometry": {"type": "Point", "coordinates": [-69.71544, -16.73888]}}, {"id": "383", "type": "Feature", "properties": {"CODIGO": "116027", "ESTACION": "ILAVE", "LATITUD": -16.05994, "LONGITUD": -69.64039, "ALTITUD": 3874.0, "ANIO": "2026", "MES": "08", "DEPARTAMEN": "PUNO", "PROVINCIA": "EL COLLAO", "DISTRITO": "ILAVE", "PREC": 5.2, "NORMAL": 12.7, "ANOMALIA": -59.1, "PORCENTAJE": "-60 - -30"}, "geometry": {"type": "Point", "coordinates": [-69.64039, -16.05994]}}, {"id": "384", "type": "Feature", "properties": {"CODIGO": "116029", "ESTACION": "PIZACOMA", "LATITUD": -16.9043, "LONGITUD": -69.3695, "ALTITUD": 3930.0, "ANIO": "2026", "MES": "08", "DEPARTAMEN": "PUNO", "PROVINCIA": "CHUCUITO", "DISTRITO": "PISACOMA", "PREC": 8.3, "NORMAL": 9.1, "ANOMALIA": -8.8, "PORCENTAJE": "-15 - 15"}, "geometry": {"type": "Point", "coordinates": [-69.3695, -16.9043]}}, {"id": "385", "type": "Feature", "properties": {"CODIGO": "116030", "ESTACION": "TAHUACO - YUNGUYO", "LATITUD": -16.30783, "LONGITUD": -69.07472, "ALTITUD": 3888.0, "ANIO": "2026", "MES": "08", "DEPARTAMEN": "PUNO", "PROVINCIA": "YUNGUYO", "DISTRITO": "YUNGUYO", "PREC": 28.4, "NORMAL": 19.1, "ANOMALIA": 48.7, "PORCENTAJE": "30 - 60"}, "geometry": {"type": "Point", "coordinates": [-69.07472, -16.30783]}}, {"id": "386", "type": "Feature", "properties": {"CODIGO": "116033", "ESTACION": "LARAQUERI", "LATITUD": -16.13599, "LONGITUD": -70.04587, "ALTITUD": 3939.0, "ANIO": "2026", "MES": "08", "DEPARTAMEN": "PUNO", "PROVINCIA": "PUNO", "DISTRITO": "PICHACANI", "PREC": 8.0, "NORMAL": 10.0, "ANOMALIA": -20.0, "PORCENTAJE": "-30 - -15"}, "geometry": {"type": "Point", "coordinates": [-70.04587, -16.13599]}}, {"id": "387", "type": "Feature", "properties": {"CODIGO": "116043", "ESTACION": "PAMPA DE ARRIEROS", "LATITUD": -16.0665, "LONGITUD": -71.5914, "ALTITUD": 3701.0, "ANIO": "2026", "MES": "08", "DEPARTAMEN": "AREQUIPA", "PROVINCIA": "AREQUIPA", "DISTRITO": "YURA", "PREC": 4.7, "NORMAL": 3.5, "ANOMALIA": 34.3, "PORCENTAJE": "30 - 60"}, "geometry": {"type": "Point", "coordinates": [-71.5914, -16.0665]}}, {"id": "388", "type": "Feature", "properties": {"CODIGO": "116046", "ESTACION": "LAS SALINAS", "LATITUD": -16.3206, "LONGITUD": -71.1521, "ALTITUD": 4349.0, "ANIO": "2026", "MES": "08", "DEPARTAMEN": "AREQUIPA", "PROVINCIA": "AREQUIPA", "DISTRITO": "SAN JUAN DE TARUCANI", "PREC": 6.8, "NORMAL": 2.1, "ANOMALIA": 223.8, "PORCENTAJE": "200 - 400"}, "geometry": {"type": "Point", "coordinates": [-71.1521, -16.3206]}}, {"id": "389", "type": "Feature", "properties": {"CODIGO": "116049", "ESTACION": "QUINISTAQUILLAS", "LATITUD": -16.74971, "LONGITUD": -70.87858, "ALTITUD": 1765.0, "ANIO": "2026", "MES": "08", "DEPARTAMEN": "MOQUEGUA", "PROVINCIA": "GENERAL SANCHEZ CERRO", "DISTRITO": "QUINISTAQUILLAS", "PREC": 3.7, "NORMAL": 0.4, "ANOMALIA": 825.0, "PORCENTAJE": "> 800"}, "geometry": {"type": "Point", "coordinates": [-70.87858, -16.74971]}}, {"id": "390", "type": "Feature", "properties": {"CODIGO": "116058", "ESTACION": "HUANCA", "LATITUD": -16.03458, "LONGITUD": -71.88108, "ALTITUD": 3065.0, "ANIO": "2026", "MES": "08", "DEPARTAMEN": "AREQUIPA", "PROVINCIA": "CAYLLOMA", "DISTRITO": "HUANCA", "PREC": 0.51, "NORMAL": 1.1, "ANOMALIA": -53.6, "PORCENTAJE": "-60 - -30"}, "geometry": {"type": "Point", "coordinates": [-71.88108, -16.03458]}}, {"id": "391", "type": "Feature", "properties": {"CODIGO": "116060", "ESTACION": "DESAGUADERO", "LATITUD": -16.56327, "LONGITUD": -69.03682, "ALTITUD": 3833.0, "ANIO": "2026", "MES": "08", "DEPARTAMEN": "PUNO", "PROVINCIA": "CHUCUITO", "DISTRITO": "DESAGUADERO", "PREC": 18.0, "NORMAL": 13.2, "ANOMALIA": 36.4, "PORCENTAJE": "30 - 60"}, "geometry": {"type": "Point", "coordinates": [-69.03682, -16.56327]}}, {"id": "392", "type": "Feature", "properties": {"CODIGO": "117003", "ESTACION": "CALANA", "LATITUD": -17.97458, "LONGITUD": -70.1932, "ALTITUD": 785.0, "ANIO": "2026", "MES": "08", "DEPARTAMEN": "TACNA", "PROVINCIA": "TACNA", "DISTRITO": "CALANA", "PREC": 14.51, "NORMAL": 2.9, "ANOMALIA": 400.3, "PORCENTAJE": "400 - 800"}, "geometry": {"type": "Point", "coordinates": [-70.1932, -17.97458]}}, {"id": "393", "type": "Feature", "properties": {"CODIGO": "117006", "ESTACION": "LA HACIENDITA", "LATITUD": -16.9986, "LONGITUD": -71.6008, "ALTITUD": 267.0, "ANIO": "2026", "MES": "08", "DEPARTAMEN": "AREQUIPA", "PROVINCIA": "ISLAY", "DISTRITO": "COCACHACRA", "PREC": 0.53, "NORMAL": 0.0, "ANOMALIA": 0.0, "PORCENTAJE": "-15 - 15"}, "geometry": {"type": "Point", "coordinates": [-71.6008, -16.9986]}}, {"id": "394", "type": "Feature", "properties": {"CODIGO": "117007", "ESTACION": "ILO", "LATITUD": -17.62381, "LONGITUD": -71.27188, "ALTITUD": 60.0, "ANIO": "2026", "MES": "08", "DEPARTAMEN": "MOQUEGUA", "PROVINCIA": "ILO", "DISTRITO": "EL ALGARROBAL", "PREC": 5.4, "NORMAL": 0.1, "ANOMALIA": 5300.0, "PORCENTAJE": "> 800"}, "geometry": {"type": "Point", "coordinates": [-71.27188, -17.62381]}}, {"id": "395", "type": "Feature", "properties": {"CODIGO": "117008", "ESTACION": "PUNTA COLES", "LATITUD": -17.69862, "LONGITUD": -71.37331, "ALTITUD": 25.0, "ANIO": "2026", "MES": "08", "DEPARTAMEN": "MOQUEGUA", "PROVINCIA": "ILO", "DISTRITO": "ILO", "PREC": 17.86, "NORMAL": 0.7, "ANOMALIA": 2451.4, "PORCENTAJE": "> 800"}, "geometry": {"type": "Point", "coordinates": [-71.37331, -17.69862]}}, {"id": "396", "type": "Feature", "properties": {"CODIGO": "117012", "ESTACION": "ITE", "LATITUD": -17.86008, "LONGITUD": -70.95169, "ALTITUD": 160.0, "ANIO": "2026", "MES": "08", "DEPARTAMEN": "TACNA", "PROVINCIA": "JORGE BASADRE", "DISTRITO": "ITE", "PREC": 27.81, "NORMAL": 2.1, "ANOMALIA": 1224.3, "PORCENTAJE": "> 800"}, "geometry": {"type": "Point", "coordinates": [-70.95169, -17.86008]}}, {"id": "397", "type": "Feature", "properties": {"CODIGO": "117013", "ESTACION": "CHUAPALCA", "LATITUD": -17.3088, "LONGITUD": -69.6618, "ALTITUD": 4250.0, "ANIO": "2026", "MES": "08", "DEPARTAMEN": "TACNA", "PROVINCIA": "TARATA", "DISTRITO": "TARATA", "PREC": 8.7, "NORMAL": 3.5, "ANOMALIA": 148.6, "PORCENTAJE": "100 - 200"}, "geometry": {"type": "Point", "coordinates": [-69.6618, -17.3088]}}, {"id": "398", "type": "Feature", "properties": {"CODIGO": "117014", "ESTACION": "VILACOTA", "LATITUD": -17.07906, "LONGITUD": -70.04302, "ALTITUD": 4390.0, "ANIO": "2026", "MES": "08", "DEPARTAMEN": "TACNA", "PROVINCIA": "TARATA", "DISTRITO": "SUSAPAYA", "PREC": 5.62, "NORMAL": 1.6, "ANOMALIA": 251.2, "PORCENTAJE": "200 - 400"}, "geometry": {"type": "Point", "coordinates": [-70.04302, -17.07906]}}, {"id": "399", "type": "Feature", "properties": {"CODIGO": "117015", "ESTACION": "CALIENTES", "LATITUD": -17.884, "LONGITUD": -70.1425, "ALTITUD": 1200.0, "ANIO": "2026", "MES": "08", "DEPARTAMEN": "TACNA", "PROVINCIA": "TACNA", "DISTRITO": "PACHIA", "PREC": 6.8, "NORMAL": 0.2, "ANOMALIA": 3300.0, "PORCENTAJE": "> 800"}, "geometry": {"type": "Point", "coordinates": [-70.1425, -17.884]}}, {"id": "400", "type": "Feature", "properties": {"CODIGO": "117016", "ESTACION": "ILABAYA", "LATITUD": -17.41783, "LONGITUD": -70.51281, "ALTITUD": 1425.0, "ANIO": "2026", "MES": "08", "DEPARTAMEN": "TACNA", "PROVINCIA": "JORGE BASADRE", "DISTRITO": "ILABAYA", "PREC": 1.4, "NORMAL": 0.1, "ANOMALIA": 1300.0, "PORCENTAJE": "> 800"}, "geometry": {"type": "Point", "coordinates": [-70.51281, -17.41783]}}, {"id": "401", "type": "Feature", "properties": {"CODIGO": "117020", "ESTACION": "TARATA", "LATITUD": -17.47935, "LONGITUD": -70.03663, "ALTITUD": 3100.0, "ANIO": "2026", "MES": "08", "DEPARTAMEN": "TACNA", "PROVINCIA": "TARATA", "DISTRITO": "TARATA", "PREC": 14.41, "NORMAL": 1.0, "ANOMALIA": 1341.0, "PORCENTAJE": "> 800"}, "geometry": {"type": "Point", "coordinates": [-70.03663, -17.47935]}}, {"id": "402", "type": "Feature", "properties": {"CODIGO": "117030", "ESTACION": "CAIRANI", "LATITUD": -17.28121, "LONGITUD": -70.36269, "ALTITUD": 3386.0, "ANIO": "2026", "MES": "08", "DEPARTAMEN": "TACNA", "PROVINCIA": "CANDARAVE", "DISTRITO": "CAIRANI", "PREC": 7.92, "NORMAL": 0.5, "ANOMALIA": 1484.0, "PORCENTAJE": "> 800"}, "geometry": {"type": "Point", "coordinates": [-70.36269, -17.28121]}}, {"id": "403", "type": "Feature", "properties": {"CODIGO": "117033", "ESTACION": "SUSAPAYA", "LATITUD": -17.34771, "LONGITUD": -70.13472, "ALTITUD": 3468.0, "ANIO": "2026", "MES": "08", "DEPARTAMEN": "TACNA", "PROVINCIA": "TARATA", "DISTRITO": "SUSAPAYA", "PREC": 16.12, "NORMAL": 1.4, "ANOMALIA": 1051.4, "PORCENTAJE": "> 800"}, "geometry": {"type": "Point", "coordinates": [-70.13472, -17.34771]}}, {"id": "404", "type": "Feature", "properties": {"CODIGO": "117037", "ESTACION": "PALCA", "LATITUD": -17.77795, "LONGITUD": -69.95864, "ALTITUD": 3023.0, "ANIO": "2026", "MES": "08", "DEPARTAMEN": "TACNA", "PROVINCIA": "TACNA", "DISTRITO": "PALCA", "PREC": 17.8, "NORMAL": 0.6, "ANOMALIA": 2866.7, "PORCENTAJE": "> 800"}, "geometry": {"type": "Point", "coordinates": [-69.95864, -17.77795]}}, {"id": "405", "type": "Feature", "properties": {"CODIGO": "117039", "ESTACION": "TALABAYA", "LATITUD": -17.5526, "LONGITUD": -69.9868, "ALTITUD": 3409.0, "ANIO": "2026", "MES": "08", "DEPARTAMEN": "TACNA", "PROVINCIA": "TARATA", "DISTRITO": "ESTIQUE", "PREC": 16.51, "NORMAL": 1.3, "ANOMALIA": 1170.0, "PORCENTAJE": "> 800"}, "geometry": {"type": "Point", "coordinates": [-69.9868, -17.5526]}}, {"id": "406", "type": "Feature", "properties": {"CODIGO": "117041", "ESTACION": "CAPAZO", "LATITUD": -17.1827, "LONGITUD": -69.7391, "ALTITUD": 4423.0, "ANIO": "2026", "MES": "08", "DEPARTAMEN": "PUNO", "PROVINCIA": "EL COLLAO", "DISTRITO": "CAPASO", "PREC": 6.5, "NORMAL": 4.1, "ANOMALIA": 58.5, "PORCENTAJE": "30 - 60"}, "geometry": {"type": "Point", "coordinates": [-69.7391, -17.1827]}}, {"id": "407", "type": "Feature", "properties": {"CODIGO": "117043", "ESTACION": "PAUCARANI", "LATITUD": -17.53291, "LONGITUD": -69.78039, "ALTITUD": 4625.0, "ANIO": "2026", "MES": "08", "DEPARTAMEN": "TACNA", "PROVINCIA": "TACNA", "DISTRITO": "PALCA", "PREC": 3.8, "NORMAL": 3.3, "ANOMALIA": 15.2, "PORCENTAJE": "15 - 30"}, "geometry": {"type": "Point", "coordinates": [-69.78039, -17.53291]}}, {"id": "408", "type": "Feature", "properties": {"CODIGO": "117054", "ESTACION": "ARICOTA", "LATITUD": -17.32913, "LONGITUD": -70.23731, "ALTITUD": 2850.0, "ANIO": "2026", "MES": "08", "DEPARTAMEN": "TACNA", "PROVINCIA": "CANDARAVE", "DISTRITO": "QUILAHUANI", "PREC": 10.71, "NORMAL": 0.2, "ANOMALIA": 5255.0, "PORCENTAJE": "> 800"}, "geometry": {"type": "Point", "coordinates": [-70.23731, -17.32913]}}, {"id": "409", "type": "Feature", "properties": {"CODIGO": "118002", "ESTACION": "LA YARADA", "LATITUD": -18.2107, "LONGITUD": -70.5259, "ALTITUD": 30.0, "ANIO": "2026", "MES": "08", "DEPARTAMEN": "TACNA", "PROVINCIA": "TACNA", "DISTRITO": "LA YARADA - LOS PALOS", "PREC": 5.47, "NORMAL": 1.0, "ANOMALIA": 447.0, "PORCENTAJE": "400 - 800"}, "geometry": {"type": "Point", "coordinates": [-70.5259, -18.2107]}}, {"id": "410", "type": "Feature", "properties": {"CODIGO": "118004", "ESTACION": "JORGE BASADRE", "LATITUD": -18.02689, "LONGITUD": -70.25153, "ALTITUD": 560.0, "ANIO": "2026", "MES": "08", "DEPARTAMEN": "TACNA", "PROVINCIA": "TACNA", "DISTRITO": "TACNA", "PREC": 18.89, "NORMAL": 4.3, "ANOMALIA": 339.3, "PORCENTAJE": "200 - 400"}, "geometry": {"type": "Point", "coordinates": [-70.25153, -18.02689]}}]}